अमअं पाउअकव्वं पढिउं सोउं च जे ण आणंति । कामस्स तत्ततत्तिं कुणंति ते कह ण लज्जंति ॥,Prakrit poetry is nectar. Those who don’t know how to recite it or listen to it make love into a science. How are they not ashamed?
जो सक्कयं न याणइ सुविसुद्धं पाइयं पि वोत्तुं जे । मोणं तु तस्स सरणं नीसरणं अहव परिसाए ॥,Celui qui ne connaît pas le sanskrit ou ne sait pas parler un prakrit parfaitement pur n’a d’autre refuge que le silence; sinon c’est la catastrophe pour son auditoire.
देसियसद्दपलोट्टं महुरक्खरछंदसंठियं ललियं । फुडवियडपायडत्थं पाइयकव्वं पढेयव्वं ॥,"Prakrit poetry that has regional words thrown in, that is formed from sweet syllables and meters, that is graceful, with a meaning that is clear, extensive, and perfectly evident, ought to be recited."
ललिए महुरक्खरए जुवईजणवल्लहे ससिंगारे । संते पाइयकव्वे को सक्कइ सक्कयं पढिउं ॥,Prakrit poetry is graceful and has sweet syllables; it is adored by young women and is erotic. So who is going to recite Sanskrit?
सललिअपयसंचारा पयडियमयणा सुवण्णरयणेल्ला । मरहट्ठयभासा कामिणी य अडवी य रेहंति ॥,"Teeming with charming words, manifesting the theme of love, and bejeweled with lovely sounds, the language of Mahārāṣṭra is like a woman— walking attractively, revealing her intentions, and decked with gold and jewels, and like a forest— laced with lovely paths, where you can see mynah birds, and clothed in beautiful leaves."
"आयण्णिऊण य चिंतियं णेण । । अरे, कयरीए उण भासाए एयं उल्लवियइ केणावि किं पि । । हूं, अरे सक्कयं ताव ण होइ । । जेण तं अणेय-पय-समास-णिवाओवसग्ग-विभत्ति-लिंग-परियप्पणा-कुवियप्प-सय-दुग्गमं दुज्जण-हिययं पिव विसमं । । इमं पुण ण एरिसं । । ता किं पाययं होज्ज । । हुं, तं पि णो, जेण तं सयल-कला-कलाव-माला-जल-कल्लोल-संकुल-लोय-वुत्तंत-महोयहि-महापुरिस-महणुग्गयामय-णीसंद-बिंदु-संदोहं संघडिय-एक्केक्कम-वण्ण-पय-णाणारूव-विरयणा-सहं सज्जण-वयणं पिव सुह-संगयं. एयं पुण ण सुट्ठु । । ता किं पुण अवहंसं होहिइ । । हूं, तं पि णो, जेण सक्कय-पायओभय-सुद्धासुद्ध-पय-सम-विसम-तरंग-रंगंत-वग्गिरं णव-पाउस-जलय-पवाह-पूर-पव्वालिय-गिरि-णै-सरिसं सम-विसमं पणय-कुविय-पिय-पणइणी-समुल्लाव-सरिसं मणोहरं । । एयं पुण ण सुट्ठु .. ।","He listened and thought: “Wait a minute. What is this language that I hear being spoken? Hmm. Well, it can’t be Sanskrit, because that is harsh like the heart of a wicked person, difficult to understand with its hundreds of horrible options for forming all of the different words, compounds, indeclinables, prefixes, case endings, and genders. And this isn’t like that. So could it be Prakrit? Hmm, that’s not it, either, because that is pleasant like the words of good people, made up of the nectar that streams forth when great men churn the ocean of life that constantly surges with the waves of all learning, with compositions of various types that perfectly join their sounds and words together. And this certainly isn’t like that. So might it be Apabhramsha, then? Hmm, it’s not that either, because that is a mountain stream that gushes with floodwaters from the downpours of the first springtime clouds, rolling and swelling with the steady and unsteady waves that are the words of Sanskrit and Prakrit both pure and combined, alluringly harsh and gentle like the words of a lover in playful anger. And this isn’t like that at all..."
ता किं ति सक्कदं परिहरिअ पाउअबन्धे पउत्तो कई । परुसा सक्कअबन्धा पाउअबन्धो वि होइ सुउमारो । । पुरिसमहिलाण जेत्तिअमिहन्तरं तेत्तिअमिमाणं ॥ ॥ सव्वभासाचदुरेण तेण भणिदं जेव । अत्थविसेसा ते चिअ सद्दा ते चेअ परिणमन्ता वि । । उत्तिविसेसो कव्वं भासा जा होइ सा होउ ॥ ॥,"stage-manager reflecting Then why has the poet abandoned the Sanskrit language and undertaken a composition in Prakrit? assistant Sanskrit poems are harsh; but a Prākrit poem is very smooth; the difference between them in this respect is as great as that between man and woman. And he who is expert in all languages has said: The various themes remain the same; the words remain the same, although undergoing [certain phonetic] modifications: a poem is a peculiar way of expression, be the language whichsoever it may."
द्विधा प्रयुक्तेन च वाङ्मयेन सरस्वती तन्मिथुनं नुनाव । संस्कारपूतेन वरं वरेण्यं वधूं सुखग्राह्यनिबन्धनेन ॥,"Sarasvatī praised the couple with a speech that she delivered in two ways: one purified by saṁskāra to the excellent groom, and one that could easily be understood to the bride."
"यदाह वामनः — “सन्दर्भेषु दशरूपकं श्रेयः, तद्विचित्रं चित्रपटवद्विशेषसाकल्यात्” इति । । तद्रूपसमर्पणया तु प्रबन्धे भाषावेषप्रवृत्त्यौचित्यादिकल्पनात् । । तदुपजीवनेन मुक्तके, तथा च तत्र सहृदयाः पूर्वापरमुचितं परिकल्प्य ईदृगत्र वक्तास्मिन्नवसरे इत्यादि बहुतरं पीठबन्धरूपं विदधते, तेन ये काव्याभ्यासप्राक्तनपुण्यादिहेतुबलादिभिः सहृदयास्तेषां परिमितविभावाद्युन्मीलनेऽपि परिस्फुट एव साक्षात्कारकल्पः काव्यार्थः स्फुरति । ।","As Vāmana states, “Among all the varieties of literary composition, the best is drama in any of its ten forms. For the drama, like a painted canvas, is multifaceted, by virtue of the full complement of its particular components.” In the case of an extended narrative, one or another such dramatic form is being transferred, thanks to the reader’s capacity for imagining the proper speech, costume, regional customs, and the like. In the case of an isolate verse, it comes to be understood only be being ultimately enlivened by such narrative—that is to say, by receptive readers’ ability to imagine what is appropriate in view of the sequence of events, and to establish a contextual foundation by conjecturing for the verse the appropriate speaker on the given occasion."
उअ णिच्चलणिप्फंदा भिसिणीवत्तम्मि रेहइ वलाआ । । णिम्मलमरगअभाअणपरिट्ठिआ संखसुत्ति व्व ॥ ॥,Look at that heron Standing absolutely motionless On the lotus leaf. It is just like mother of pearl In a setting of spotless emerald.
"पश्य निश्चलनिःष्पन्दा बिसिनीपत्रे शोभते बलाका निर्मलमरकतभाजनप्रतिष्ठिता शङ्खशुक्तिरिव । । निश्चला पवनादिपाताभावात् । । निःष्पन्दा स्वयं निष्क्रियत्वात् । । कल्पितोपमालङ्कारः । । काचिज् जनाकीर्णे वक्तुमक्षमस्य संकेतं कथयति । । अत्र पद्मिनीखण्डनिकटे शून्यं वर्तते, तथा च निश्चला निःष्पन्दा च बलाकीति इङ्गिताकारलक्षितत्वादर्थान्तरस्य सूक्ष्मोऽप्यत्रालंकारः ॥ ३ ॥ ।","The word niścala means that it is not moved by things like the wind, and the word niḥṣpanda means that it is without any activity of its own. The ornament here is an “imagined comparison.” In a place that is filled with people, a woman relates to a man, who is unable to speak, that the place described in the verse would be a suitable trysting-place. Because a meaning distinct from the literal meaning has been indicated by means of gestures and body language—namely, that the area around that lotus-stand is empty, and that’s why the heron is still and motionless—the ornament in this verse is “subtlety.”"
अत्र निष्पन्दत्वेनाश्वस्तत्वं तेन च जनरहितत्वमतः सङ्केतस्थानमिति कयापि कंचित्प्रत्युच्यते । । अथवा मिथ्या वदसि न त्वमत्रागतोऽभूरिति व्यज्यते । ।,"In this verse the fact that the heron is “completely motionless” suggests that it is totally relaxed, and this, in turn, suggests that there is no-one in the surrounding area, and hence a woman is saying to a man that it would be a suitable trysting-place. Alternatively, what the woman wants to suggest to the man is: “you are a liar: you did not come here.”"
कल्लोलिनीकाननकदरादौ दुःखाश्रये चार्पितचित्तवृत्तिका मृदुकमारम्भमभिन्नधैर्यः श्लथोऽपि दीर्घं रमते रतेषु इत्यादि कामशास्त्राद्दीर्घरमणार्थं नायकस्यान्यचित्ततां कुर्वती काचिदाह ... । उअ णिच्चलेति । । निश्चलोऽचलस्तद्वन्निःस्पन्दा वेगविधारणप्रयत्नवशात् । । निश्चलेति पुरुषसंबोधनं वा । । शङ्खघटिता शुक्तिः शङ्खशुक्तिः । । तथा च यदि वेगविधारणपरोऽसि तदैनां बलाकां पश्यन्नन्यमनस्कतया चिर रमस्वेति भावः । । यद्वा निःस्पन्दत्वेनाश्वस्तत्वम् तेन च जनरहितत्वम् तेन च संकेतस्थानमिति कयाचित्कंचित्प्रति व्यज्यते । । अथवा मिथ्या वदसि । । न त्वमत्रागतोऽभूरिति व्यज्यते ॥ ।,"A woman says this in an attempt to get her partner to focus his mind on something else so that he can last longer during sex, in accordance with the text on erotics: ‘despite a susceptibility for a premature discharge of fluid, a man is able to enjoy a union extendedly, provided he commences it slowly, and provided he keeps his own mind under control, and when the need arises, is able to turn his thoughts towards other subjects like rivers or woods or caves or mountain fastnesses or refuges in times of distress.’ ... Look. “Without motion” is a word for a mountain. Someone who is “still as that” is what is meant by niścalaniḥspanda, as a result of his effort to restrain his intensity. Alternatively, “without motion” can be an address to the man. A “conch-shell” is a shell made out of a conch. Thus the idea is as follows: ‘If you want to restraining your intensity, then look at this heron, and because your mind will be on something else, you will last longer.’ Alternatively, the fact that the heron is “completely motionless” suggests that it is totally relaxed, and this, in turn, suggests that there is no-one in the surrounding area, and hence a woman is saying to a man that it would be a suitable trysting-place. Alternatively, what the woman wants to suggest to the man is: “you are a liar: you did not come here.”"
पालित्तस्य ॥ ४०० ॥ । मरगअसूईविद्धं व मोत्तिअं पिअइ आअअग्गीवो । मोरो पाउसआले तणग्गलग्गं उअअबिंदुं ॥ मरकतसूचीविद्धमिव मौक्तिकम् पिबत्यायतग्रीवः । मयूरः प्रावृंकाले तृणाग्रलग्नमुदकबिंदुम् ॥ कस्मिंश्चिन्निकुंजे वर्षाकाले सुरतासक्ता काचिद्दीर्घरमणार्थं प्रियस्यान्यचित्ततां कुर्वंती वदती— मरगअ इति । । मयूरः उदकबिंदुं पिबतीत्यन्वयः । । बहुजलेऽपि मयूरस्तृणाग्रलग्नमेव जलं पिबतीत्यनेन निवृत्तिरेव परं धर्मसाधिकेति धर्मः । । दूरस्थमपि कार्यं कुशलाः साधयंतीति नीतिः । । दुर्लक्षताग्रहणाय योगिना एकचित्तता विधेयेति युक्तिः । ।,"Of Pālitta. In the monsoon season the peacock cranes his neck to drink a drop of water resting on the tip of a blade of grass as if it were a pearl pierced by an emerald needle. In some bower during the monsoon season a woman who is trying to have sex to completion says the following in order to set her lover’s mind on something else so that he’ll last longer. The syntax is ‘the peacock drinks the drop of water.’ The dharmaḥ is that the peacock will only drink the water that is on the tip of a blade of grass, despite there being plenty of water around, and hence absention is the highest means of accomplishing dharmaḥ. The nītiḥ is that those who are clever will find a way to accomplish what they need to, however far off it may be. The yuktiḥ is that a yōgī should concentrate his mind in order to achieve the state of imperceptibility. (?)"
कस्स व ण होइ रोसो दट्ठूण पिआए सव्वणं अहरं । । सभमरपउमग्घाइणि वारिअवामे सहसु एण्हिं ॥ ॥,Who wouldn’t be angry to see his dear wife with her lower lip bitten? You scorned my warning to smell the bee-holding lotus. Now you must suffer.
"अनीर्ष्यालोरपि भवति रोषो दृष्ट्वैव, अकृत्वापि कुतश्चिदेवापूर्वतया प्रियायाः सव्रणमधरमवलोक्य । । सभ्रमरपद्माघ्राणशीले शीलं हि कथंचिदपि वारयितुं न शक्यम् । । वारिते वारणायां, वामे तदनङ्गीकारिणी । । सहस्वेदानीम् उपालम्भपरम्परामित्यर्थः । । अत्रायं भावः—काचिदविनीता कुतश्चित्खण्डिताधरा निश्चिततत्सविधसंनिधाने तद्भर्तरि तमनवलोकमानयेव कयाचिद्विदग्धसख्या तद्वाच्यतापरिहारायैवमुच्यते । । सहस्वेदानीम् इति वाच्यमविनयवतीविषयम् । । भर्तृविषयं त्वपराधो नास्तीत्यावेद्यमानं व्यङ्ग्यम् । । सहस्वेत्यपि च तद्विषयं व्यङ्ग्यम् । । तस्यां च प्रियतमेन गाढमुपालम्भ्यमानायां तद्व्यलीकशङ्कितप्रातिवेशिकलोकविषयं चाविनयप्रच्छादनेन प्रत्यायनं व्यङ्ग्यम् । । तत्सपत्न्यां च तदुपालम्भतदविनयप्रहृष्टायां सौभाग्यातिशयख्यापनं प्रियाया इति शब्दबलादिति सपत्नीविषयं व्यङ्ग्यम् । । सपत्नीमध्ये इयता खलीकृतास्मीति लाघवमात्मनि ग्रहीतुं न युक्तं प्रत्युतायं बहुमानः सहस्व शोभस्वेदानीमिति सखीविषयं सौभाग्यप्रख्यापनं व्यङ्ग्यम् । । अद्येयं तव प्रच्छन्नानुरागिणी हृदयवल्लभेत्थं रक्षिता पुनः प्रकटदनदंशनविधिर्न विधेय इति तच्चौर्यकामुकविषयसम्बोधनं व्यङ्ग्यम् । । इत्थं मयैतदपह्नुतमिति स्ववैदग्ध्यख्यापनं तटस्थविदग्धलोकविषयं व्यङ्ग्यमिति । ।","The meaning of the stanza is as follows. An unfaithful wife has had her lip bitten by a lover. To save her from her husband’s reproaches she is here addressed by a clever female friend, who knows that the husband is nearby but pretends not to see him. Now you must suffer: the literal sense is directed to the adulterous wife. The suggested sense, on the other hand, is directed to the husband and informs him that she is not guilty of offense. There is also a suggestion directed to the neighbors who, if they hear the wife being roundly abused by the husband, may suspect her of misconduct. The suggestion in this case is the assurance provided by this concealment of her adultery. There is a suggestion directed to her fellow wife, who would be delighted by the abuse of her rival and by [the news of] her adultery. The suggestion lies in the word dear (“dear wife”), which shows that the wife addressed is the more attractive. There is a suggestion to the adulterous friend of the speaker, informing her, “You should not take on humiliation at the thought of being accused of bad character in front of your fellow wife; rather, you should take to yourself high esteem and now shine forth (sahasva). To the wife’s secret lover there is a suggestion, telling him that “Today I have thus saved your heart’s beloved who loves you in secret, but you must not bite her again in a place that is so obvious.” To anyone clever who is standing nearby the speaker’s cleverness is suggested, [as though she were to say]: “This is the way I have concealed things.” All of this is indicated by the expressed made to be directed."
अच्छउ ता जणवाओ हिअअं चिअ अत्तणो तुह पमाणं । तह तं सि मंदणेहो जह ण उवालंभजोग्गो सि ॥,"Never mind the gossip: Judge by your own feelings. Anyway, You have grown so cool That you are beyond reproach."
अप्पच्छंदपहाविर दुल्लहलंभं जणं विमग्गंत । आआसवहेहि भमंत हिअअ कइआ वि भज्जिहिसि ॥,"You rush ahead, following your own fancy, Always in quest of the unattainable man. One day, heart, as you roam the skies, You’ll crash."
अहव गुण च्चिअ लहुआ अहवा गुणअण्णुओ ण सो लोओ । अहव म्हि णिग्गुणा वा बहुगुणवंतो जणो तस्स ॥,"Maybe my talents are slight, Maybe for him talents mean nothing, Maybe I have no talents And he knows someone who has."
फुट्टंतेण वि हिअएण मामि कह णिव्वरिज्जए तम्मि । अद्दाए पडिविंव व्व जम्मि दुक्खं ण संकमइ ॥,"Pur spezzandosi, zietta, perché il mio cuore si rivela a lui, dove il dolore non passa - come un’immagine non passa dentro lo specchio?"
पासासंकी काओ णेच्छइ दिण्णं पि पहिअघरिणीए । ओणत्तकरअलोअलिअवलअमज्झट्ठिअं पिंडं ॥,"The crow refuses the rice ball offered by the woman Whose husband is abroad. Seeing it stuck between the bracelet, Which has slipped from her arm, And the downturned palm of her hand, The bird is wary of a trap."
ओहिदिअहागमासंकिरीहि सहिआहि कुड्डलिहिआओ । दोतिण्णि तहिं मिअ चोरिआइ रेहा पुसिज्जंति ॥,"Her friends, Unsure when the final day would come, Stealthily wiped out one or two strokes Of her tally."
तुह मुहसारिच्छं ण लहइ त्ति संपुण्णमंडलो विहिणा । अण्णमअं व घडेउं पुणो वि खंडिज्जइ मिअंको ॥,Every time the moon is full The Creator takes it apart again To refashion it in such a way That it might match your face.
अज्जं गओ त्ति अज्जं गओ त्ति अज्जं गओ त्ति गणिरीए । पढम च्चिअ दिअहद्धे कुड्डो रेहाहि चित्तलिओ ॥,“Today he has left.” “Today he has left.” “Today he has left.” Already on the very first morning She covered the whole wall with lines.
ण वि तह पढमसमागमसुरअसुहे पाविए वि परिओसो । जह वीअदिअहसविलक्खलक्खिए वअणकमलम्मि ॥,The satisfaction of that first night Was nothing compared to seeing the embarrassment Next day On the lotus of her face.
जे समुहागअवोलंतवलिअपिअपेसिअच्छिविच्छोहा । अह मण्णे मअणसरा जणस्स जे होंति ते होंतु ॥,"As he walks towards me, passes, And then looks back, My lover’s tremulous glances Are to me like Love’s arrows Whatever they may be to others."
इअरो जणो ण पावइ तुह जहणारुहणसंगमसुहेल्लिं । अणुहवइ कणअदोरो हुअवहवरुणाण माहप्पं ॥,The pleasure of riding your thighs Is for special people only. Take the golden girdle: It had to go through the ordeal of fire and water first.
जो जस्स विहवसारो तं सो देइ त्ति किं थ अच्छेरं । अणहोंतं पि हु दिण्णं दोहग्गं तइ सवत्तीणं ॥,Normally one gives away things Of which one has a surplus. But to your husband’s other wives you give Something that is not yours to give: Unhappiness.
चंदसरिसं मुहं से सरसो अमअस्स मुहरसो तिस्सा । सकअग्गहरहसुज्जलचुंवणअं कस्स सरिसं से ॥,"Her face is round like the moon, Her lips taste like nectar, Grabbing her by the hair And giving her a passionate kiss, What is that like?"
उप्पण्णत्थे कज्जे अइचिंतंतो गुणागुणे तम्मि । चिरआलमंदपेच्छित्तणेण पुरिसो हणइ कज्जं ॥,"When an opportunity finally offers itself, Endlessly weighing the pros and cons And considering the matter carefully, As if one had all the time in the world, Are sure ways to bungle one’s chances."
वालअ तुमाहि अहिअं णिअअं चिअ वल्लहं महं जीअं । तं तइ विणा ण होइ त्ति तेण कुविअं पसाएमि ॥,"You fool, My own life means more to me than you do. Therefore, if I give in to your anger It is only because without you I have no life."
पत्तिअ ण पत्तिअंती जइ तुज्झ इमे ण मज्झ रुइरीए । पुट्ठीअ वाहविंदू पुलउब्भेए ण भिज्जंता ॥,"Believe me, I would not believe you If these tears that I weep Were not pierced by the gooseflesh Rising on your back As you kneel before me."
तं मित्तं काअव्वं जं किर वसणम्मि देसआलम्मि । आलिहिअभित्तिवाउल्लअ व्व ण परंमुहं ठाइ ॥,"Make a friend of the man Who, wherever or whenever it may be, Stands by you in adversity Steady as an image in a wall painting."
वहुआइ णइणिउंजे पढमुग्गअसीलखंडणविलक्खं । उड्डेइ विहंगउलं हाहा पक्खेहि व भणंतं ॥,"Embarrassed By the girl losing her virginity, A flock of birds Flies up from the bushes by the river, Seeming to say “Ah! Ah!” with their wings."
सच्चं भणामि वालअ ण त्थि असक्कं वसंतमासस्स । गंधेण कुरुवआणं मणं पि असइत्तनं ण गआ ॥,"What makes you think I’m lying, you fool? I know spring can do anything, But the fragrant flowers of the amaranth Have not made me in the least unfaithful."
एक्केक्कमवइवेढणविवरंतरदिण्णतरलणअणाए । तइ वोलंते वालअ पंजरसउणाइअं तीए ॥,"Like a bird in a cage Moving from one gap to the next, With trembling eye She peeps through the fence As you walk past."
ता किं करेउ जइ तं सि तीअ वइवेढपेल्लिअथणीए । पाअंगुट्ठग्गुक्खित्तणीसहंगीअ वि ण दिट्ठो ॥,"What is she to do If, wobbling on tiptoe And squeezing her breasts against the fence, She still can’t see you?"
पिअसंभरणपलोट्टंतवाहधाराणिवाअभीआए । दिज्जइ वंकग्गीवाइ दीवओ पहिअजाआए ॥,"Anxious about the stream of tears Rolling down her face At the thought of her absent husband, She turns her head aside As she puts down the lamp."
तइ वोलंते वालअ तिस्सा अंगाइ तह णु वलिआइं । जह पुट्ठिमज्झणिवडंतवाहधाराउ दीसंति ॥,To watch you As you walked away She twisted round so far The tears could be seen Streaming down her back.
ता मज्झिमो च्चिअ वरं दुज्जणसुअणेहि दोहि वि ण कज्जं । जह दिट्ठो तवइ खलो तहेअ सुअणो अईसंतो ॥,"I’d rather have something in between. For what use is a bad man Or, for that matter, a good one? A bad man causes pain by his presence, A good man by his absence."
अद्धच्छिपेच्छिअं मा करेहि साहाविअं पलोएहि । सो वि सुदिट्ठो होहिइ तुमं पि मुद्धा कलिज्जिहिसि ॥,Don’t peep at him on the sly. Look him straight in the eye. That way you’ll get a good look at him And people will take you for an innocent.
दिअहं खुडुक्किआए तीए काऊण गेहवावारं । गरुए वि मण्णुदुक्खे भरिमो पाअंतसुत्तस्स ॥,"I will never forget How, for all her resentment, She dropped off to sleep At my feet, After a day of household chores Performed in angry silence."
पाणउडीअ वि जलिऊण हुअवहो जलइ जण्णवाडम्मि । ण हु ते परिहरिअव्वा विसमदसासंठिआ पुरिसा ॥,The fire that burns in the outcast’s hut Then burns on the sacrificial altar. Never shun a person However wretched his circumstances.
जं तुज्झ सई जाआ असईओ सुहअ जं च अम्हे वि । ता किं फुट्टउ वीअं तुज्झ समाणो जुआ ण त्थि ॥,"The reason why your wife is faithful And we are unfaithful to our husbands, Is obvious, my dear: There isn’t another young man like you."
सव्वस्सम्मि वि डड्ढे तह वि हु हिअअस्स णिव्वुइ च्चेअ । जं तेन गामडाहे हत्थाहत्थिं कुडो गहिओ ॥,"Even though everything I had went up in flames I am overjoyed, For during the fire It was he who took the bucket of water From my hand into his."
जाएज्ज वणुद्देसे खुज्जो वि हु णीसहो सिढिलवत्तो । मा माणुसम्मि लोए चाई रसिओ दरिद्दो अ ॥,"Nasca pure in una terra di bosco, tronco perfino contorto dalle foglie lai1guenti: non però nel mondo degli uomini generoso, sensibile e povero."
तस्स अ सोहग्गगुणं अमहिलसरिसं च साहसं मज्झ । जाणइ गोलाऊरो वासारत्तद्धरत्तो अ ॥,His unmanly bliss And my unwomanly boldness Are known only to the swollen waters of the Godā And the midnights of the rainy season.
ते वोलिआ वअस्सा ताण कुडुंगाण खण्णुआ सेसा । अम्हे वि गअवआओ मूलुच्छेअं गअं पेम्मं ॥,"The friends of our youth have passed away, Of those bowers nothing remains but stumps, Gone is the vigor of former days, And love has been cut to the roots."
थणजहणणिअंवोवरि णहरंका गअवआण विलआणं । उव्वसिआणंगणिवासमूलवंध व्व दीसंति ॥,"The nail marks on the breasts, thighs and buttocks Of beauties past their prime Resemble the traces of an abandoned temple Of the God of Love."
जस्स जहिं चिअ पढमं तिस्सा अंगम्मि णिवडिआ दिट्ठी । तस्स तहिं चेअ ठिआ सव्वंगं केण वि ण दिट्ठं ॥,On whichever part of her body One’s eye falls first There it stays. No one has ever seen the whole of her body.
विरहे विसं व विसमा अमअमआ होइ संगमे अहिअं । किं विहिणा समअं चिअ दोहिं पि पिआ विणिम्मविआ ॥,"Away from me She is like deadly poison, Together again She is sweeter than nectar. How did the Creator manage To combine these two potions In my darling?"
अद्दंसणेण पुत्तअ सुट्ठु वि णेहाणुवंधघडिआइं । हत्थउडपाणिआइ व कालेण गलंति पेम्माइं ॥,"Silly boy, However close the ties of affection, If people don’t see one another, Love gradually seeps away Just like water between one’s cupped hands."
पइपुरओ च्चिअ णिज्जइ विंछुअडट्ठे त्ति जारवेज्जघरं । णिउणसहीकरधरिआ भुअजुअलंदोलिरी वाला ॥,"Before her husband’s very eyes Her sharp friends pick up the young wife And carry her, arms adangle, To her healer-lover’s house, Saying: “She’s been bitten by a scorpion.”"
विक्किणइ माहमासंमि पामरो पारिडिं वइल्लेण । णिद्धूममुम्मुरे सामलीअ थणए णिअच्छंतो ॥,"Seeing his wife’s dark breasts Which, but for the absence of smoke, Resemble black heaps of burning chaff, The farmer barters his cloak for a buffalo In the cold month of Māgha."
सच्चं भणामि मरणे ठिअ म्हि पुण्णे तडम्मि तावीए । अज्ज वि तत्थ कुडुंगे णिवडइ दिट्ठी तह च्चेअ ॥,"Though I am nearing death, I swear that, even now, My gaze falls, as ever, On the thicket that grows By the banks of the holy Taptī,"
अंधअरवोरपत्थिं व माउआ मह पइं विलुंपंति । ईसाअंति मह च्चिअ छेप्पाहिंतो फणो जाओ ॥,"Mother, They snatch my husband from me As if he were a dish of plums in a blind man’s hands. At the same time they are jealous of me: A hood is growing out of the snake’s tail!"
अप्पत्तपत्तअं पाविऊण णवरंगअं हलिअसोण्हा । उअह तणुई ण माअइ रुंदासु वि गामरच्छासु ॥,"Indossando l’abito tinto di fresco, al quale non si è abituata, la nuora del contadino — guardate! …per quanto magra non ha spazio abbastanza nelle strade del villaggio, per quanto larghe."
वक्खेवआइ पिअजंपिआइ परहिअअणिव्वुइअराइ । विरलो हु जाणइ जणो उप्पण्णे जंपिअव्वाइं ॥,"Davvero poche persone sanno le parole affettuose in risposta, che provocano gioia al cuore degli altri, da dire in ciascuna occasione."
छज्जइ पहुस्स ललिअं पिआइ माणो खमा समत्थस्स । जाणंतस्स अ भणिअं मोणं च अआणमाणस्स ॥,"Si addice al signore il divertimento, all’armata la collera, la tolleranza al potente, a chi sa la parola, il silenzio a chi non sa."
वेविरसिण्णकरंगुलिपरिग्गहक्खलिअलेहणीमग्गे । सोत्थि च्चिअ ण समप्पइ पिअसहि लेहम्मि किं लिहिमो ॥,"Because my pen keeps slipping In my clammy fingers I can’t even finish the word “Dear.” Friend, tell me, How can I write the rest of my letter?"
देव्वम्मि पराहुत्ते पत्तिअ घडिअं पि विहडइ णराणं । कज्जं वालुअवरणं व कह वि वंधं चिअ ण देइ ॥,"Se il destino è avverso — credimi — per quanto ben preparato va male agli uomini l’affare: come un bastionedi sabbia, non si lascia mettere insieme in nessun modo."
मामि हिअअं व पीअं तेण जुआणेण मज्जमाणाए । ण्हाणहलिद्दाकडुअं अणुसोत्तजलं पिअंतेण ॥,"Mother, That young man Who downriver drank the water That was bitter with my turmeric soap, Has as good as drunk my heart."
जिविअं असासअं चिअ ण णिअत्तइ जोव्वणं अइक्कंतं । दिअहा दिअहेहि समा ण होंति किं णिट्ठुरो लोओ ॥,"Life is transient, Youth passes never to return, Tomorrow is not the same as today. So why are people so stubborn?"
उप्पाइअदव्वाण वि खलाण को भाअणं खलो च्चेअ । पिक्काइ वि णिंवफलाइ णवर काएहि खज्जंति ॥,"Chi accetta dai malvagi, anche se danarosi? Solo un malvagio: anche se maturi, i frutti del nimba sono mangiati solo dai corvi."
अज्ज मए गंतव्वं घणंधआरे वि तस्स सुहअस्स । अज्जा णिमीलिअच्छी पअपरिवाडिं घरे कुणइ ॥,"Because even on this dark night she intends to meet her lover, The girl paces up and down indoors With her eyes tightly shut."
सुअणो ण कुप्पइ च्चिअ अह कुप्पइ विप्पिअं ण चिंतेइ । अह चिंतेइ ण जंपइ अह जंपइ लज्जिओ होइ ॥,A gentleman never gets angry. When he gets angry He never has nasty thoughts. When he has nasty thoughts He never expresses them. When he expresses them He is ashamed of himself.
सो अत्थो जो हत्थे तं मित्तं जं णिरंतरं वसणे । तं रूअं जत्थ गुणा तं विण्णाणं जहिं धम्मो ॥,"Quello e possesso che si ha in mano; quello e amico che non si allontana nella sventura; quello e bellezza dove ci sono pregi, quello e conoscenza dove c’è senso morale."
चंदमुहि चंदधवला दीहा दीहच्छि तुह विओअम्मि । चउजामा सअजाम व्व जामिणी कह वि वोलीणा ॥,"The moon was bright, My moon-faced beauty, And the night was long, My long-eyed girl. The four watches passed. Though, with you away, They seemed to last A hundred."
अउलीणो दोमुहओ ता महुरो भोअणं मुहे जाव । मुरओ व्व खलो जिण्णम्मि भोअणे विरसमारसइ ॥,"Un individuo ignobile dalla doppia faccia suona dolce finché ha cibo nella bocca; consumato il cibo, l’infido, come il tamburo, suona male."
तह सोण्हाइ पुलइओ दरवलिआवंगतारअं पहिओ । जह वारिओ वि घरसामिएण आलिंदए वसिओ ॥,"After the flicker of a side glance From the daughter-in-law The traveler, refused entry By the master of the house, Spent the night on the veranda."
लहुअंति लहुं पुरिसं पव्वअमेत्तं पि दो वि कज्जाइं । णिव्वरणमणिव्वूढे णिव्वूढे जं अणिव्वरणं ॥,"Due cose certo sminuiscono in fretta un uomo, avesse pure la grandezza di un monte: non preoccuparsi per ciò che ancora è incompiuto, preoccuparsi per ciò che già è compiuto."
कं तुंगथणुक्खित्तेण पुत्ति दारट्ठिआ पलोएसि । उण्णामिअकलसणिवेसिअग्घकमलेण व मुहेण ॥,"Whom are you looking out for, Standing at the door? Your face above your prominent breasts Looks like a lotus Placed on top of the two water pots Standing ready to welcome a guest."
वइविवरणिग्गअदलो एरंडो साहइ व्व तरुणाणं । एत्थ घरे हलिअवहू एद्दहमेत्तत्थणी वसइ ॥,With its leaves pushing through The gaps in the fence The castor oil plant seems to be telling The youths of the village “Here lives a farmer’s wife With breasts this big.”
गअकलहकुंभसंणिहघणपीणणिरंतरेहि तुंगेहिं । ऊससिउं पि ण तीरइ किं पुण गंतुं हअथणेहिं ॥,"With those damned breasts Like the two bumps on a young elephant’s forehead, Firm, full and prominent, pressing against each other, She can hardly breathe Let alone move."
मासपसूअं छम्मासगब्भिणिं एक्कदिअहजरिअं च । रंगुत्तिण्णं च पिअं पुत्तअ कामंतओ होहि ॥,"Figlio, indirizza le tue voglie a un’amante che abbia partorito da un mese, o sia incinta da sei, o abbia avuto la febbre per un giorno, o che sia scappata dal palcoscenico."
पडिवक्खमण्णुपुंजे लावण्णउडे अणंगगअकुंभे । पुरिससअहिअअधरिए कीस थणंती थणे वहसि ॥,"Why do you groan as you carry them —Two heaps piled with your rivals’ jealousy, Two vessels brimful of beauty, Two elephant lobes stuffed with love? In their hearts men by the hundred Are sharing the burden Of your breasts."
घरिणीघणथणपेल्लणसुहेल्लिपडिअस्स होंतपहिअस्स । अवसउणंगारअवारविट्ठिदिअहा सुहावेंति ॥,The would-be traveler has become so addicted to the pleasant pastime Of fondling his wife’s firm breasts That he welcomes any bad omen —Wishes it were Tuesday or a day of rain.
सा तुज्झ कए वालअ अणिसं घरदारतोरणणिसण्णा । ओसूसइ वंदणमालिअ व्व दिअहं चिअ वराई ॥,"You fool, It is on your account That the poor girl sits patiently Beneath the doorway And, like the garland of welcome Festooning it, wilts every day."
हसिअं सहत्थतालं सुक्खवडं उवगएहि पहिएहिं । पत्तअफलाण सरिसे उड्डीणे पूसविंदम्मि ॥,"Laughing and clapping, The travelers run towards the shady banyan Loaded with juicy fruit When a flock of parrots flies up To reveal a bare, shrivelled tree."
अज्ज म्हि हासिआ मामि तेण पाएसु तह पडंतेण । तीए वि जलंतिं दीववत्तिमब्भुत्तअंतीए ॥,"Oggi ho proprio riso, zietta! Di lui che le è caduto così ai piedi, e di lei che cercava di ravvivare lo stoppino ardente."
अणुवत्तणं कुणंतो वेसे वि जणे अहिण्णमुहराओ । अप्पवसो वि हु सुअणो परव्वसो आहिआईए ॥,"Poiché pratica la tolleranza, nemmeno di fronte all’avversario altera l’espressione del viso: benché signore di se stesso, infatti, l’uomo buono è suddito di cortesia."
अणुदिअहवड्ढिआअर विण्णाणगुणेहि जणिअमाहप्पो । पुत्तअ अहिआअजणो विरज्जमाणो वि दुल्लक्खो ॥,"Figliolo, un uomo nobile la cui grandezza d’animo e formata da rispetto, comprensione e qualità che crescono ogni giorno, anche quando ormai è indifferente non lo fa notare."
विण्णाणगुणमहग्घे पुरिसे वेसत्तणं पि रमणिज्जं । जणणिंदिए उण जणे पिअत्तणेणा ॥,Con un uomo notevole per comprensione e qualità anche l’inimicizia dà gioia: per un individuo biasimato dalla gente ci vergognamo invece anche dell’affetto.
कह णाम तीअ तह सो सहावगरुओ वि थणहरो पडिओ । अहवा महिलाण चिरं को वि ण हिअअम्मि संठाइ ॥,"How come that her breasts, Once so firm, Now sag like this? On the other hand, Who abides forever in a woman’s heart?"
सुअनु वअणं छिवंतं सूरं मा साउलीअ वारेहि । एअस्स पंकअस्स अ जाणउ कअरं सुहप्फंसं ॥,"Lovely woman, Don’t cover your face with your shawl. Let the sun find out which is more pleasant to touch, Your face Or the lotus."
माणोसहं व पिज्जइ पिआइ माणंसिणीअ दइअस्स । करसंपुडवलिउद्धाणणाइ मइराइ गंडूसो ॥,"Turning her face upwards With his cupped hands, Her husband offers her wine —One mouthful to drink As a medicine For sulkiness."
कह सा णिव्वण्णिज्जउ जीअ जहालोइअम्मि अंगम्मि । दिट्ठी दुव्वलगाइ व्व पंकपडिआ ण उत्तरइ ॥,How can I describe her? Once you see her body You cannot take your eyes off it: They are like a helpless cow Stuck in the mud.
कीरंति च्चिअ णासइ उअए रेह व्व खलअणे मेत्ती । सा उण सुअणम्मि कआ अणहा पाहाणरेह व्व ॥,Like writing on water Friendship with a bad man Fades as soon as it’s begun. With a good man it is immutable Like an inscription in stone.
अव्वो दुक्करआरअ पुणो वि तत्तिं करेसि गमणस्स । अज्ज वि ण होंति सरला वेणीअ तरंगिणो चिहुरा ॥,"Ah, what a cruel man you are, Thinking of leaving again While the hair of my braid has not yet had time To uncurl."
ण वि तह छेअरआइ वि हरंति पुणरुत्तराअरसिआइं । जह जत्थ व तत्थ व जह व तह व सब्भावणेहरमिआइं ॥,"Making love With great sophistication, For all the pleasure Of constantly renewed passion, Is not as rapturous As making love Wherever and however With true affection."
उज्झसि पिआइ समअं तह वि हु रे भणसु कीस किसिअ त्ति । उअरिभरेण अआणुअ मुअइ वइल्लो वि अंगाइं ॥,"I have both you And your new love To bear in my heart. How dare you ask, you fool, Why I am wasting away? Even an ox collapses when overloaded."
दढमूलवद्धगंठि व्व मोइआ कह वि तेण मे वाहू । अम्हेहि वि तस्स उरे खुत्त व्व समुक्खआ थणआ ॥,With great difficulty He released himself from my arms As if untangling a tight knot And I extracted my breasts Deeply buried in his chest.
अणुणअपसाइआए तुज्झ । अपहुत्तोहअहत्थंगुरीअ रुण्णं वराईए ॥,Only after you had won her round Did she start to make a count of your offenses. When the fingers of both hands proved not enough The poor thing finally burst into tears.
सेअच्छलेण पेच्छह तणुए अंगम्मि से अमाअंतं । लावण्णं ओसरइ व तिवलीसोवाणवंतीहिं ॥,"Guardate! Sotto forma di sudore, non trovando posto nel corpo esile, la sua bellezza piccante e come se ne andasse lungo la fila di gradini delle tre pieghe sopra l’ombelico."
देव्वाअत्तम्मि फले किं कीरउ एत्तिअं पुणो भणिमो । कंकेल्लिपल्लवाणं ण पल्लवा होंति सारिच्छा ॥,"Poiché il frutto dipende dal destino, che cosa si può fare? Questo ancora diciamo: non ci sono gemme simili alle gemme dell’aśoka."
धुअइ व्व मअकलंकं कवोलपडिअस्स माणिणी उअह । अणवरअवाहजलभरिअणअणकलसेहि चंदस्स ॥,See how the affronted wife Is washing away the dark patches of the moon Reflected on her cheek With an endless stream of water From the jars of her eyes.
गंधेण अप्पणो मालिआण णोमालिआ ण फुट्टिहइ । अण्णो को वि हआसाइ मंसलो परिमलुग्गारो ॥,Among the other flowers in a garland The scent of the young jasmine will never get lost: There is something unusually powerful About the damned thing.
फलसंपत्तीअ समोणआइ तुंगाइ फलविपत्तीए । हिअआइ सुपुरिसाणं महातरूणं व सिहराइं ॥,The hearts of good men are like the tops of tall trees: When laden with fruit They are bent on sharing And when bare they are uplifted.
आसासेइ परिअणं परिवत्तंतीअ पहिअजाआए । णित्थामुव्वत्तणवलिअहत्थमुहलो वलअसद्दो ॥,"The sound of her bracelets, As the traveler’s wife turns on her side And weakly moves her hands, Is enough to reassure her friends."
तुंगो च्चिअ होइ मणो मणंसिणो अंतिमासु वि दसासु । अत्थमणम्मि वि रइणो किरणा उद्धं चिअ फुरंति ॥,L’animo del coraggioso rimane elevato anche nelle condizioni estreme: anche al tramonto i raggi del sole scintillano solo verso l’alto.
पोट्टं भरंति सउणा वि माउआ अप्पणो अणुव्विग्गा । विहलुद्धरणसहावा हुवंति जइ के वि सप्पुरिसा ॥,"Perfino gli uccelli si riempiono la pancia, zia, senza nessun timore; ma ci sono pochi uomini nobili capaci di salvare chi ha paura."
ण विणा सब्भावेणं घेप्पइ परमत्थजाणुओ लोओ । को जुण्णमंजरं कंजिएण वेआरिउं तरइ ॥,"A man who knows the ultimate truth Is only won over by true goodness, For who can trick an old cat with rice gruel?"
रण्णाउ तणं रण्णाउ पाणिअं सव्वदो सअंगाहं । तह वि मआण मईण अ आमरणंताइ पेम्माइं ॥,"In the jungle grass and water Are everywhere free for the asking, And still the love between a doe and a stag Lasts until death."
तावमवणेइ ण तहा चंदणपंको वि कामिमिहुणाणं । जह दूसहे वि गिम्हे अण्णोण्णालिंगणसुहेल्ली ॥,"Sandal paste does not work as well As the wild delight of a tight embrace, Which, even on the hottest summer day, Succeeds in allaying a couple’s fever."
तुप्पाणणा किणो अच्छसि त्ति परिपुच्छिआइ वहुआइ । विउणावेढिअजहणत्थलाइ लज्जोणअं हसिअं ॥,"When he asked his young wife Why her face was still smeared with ghee, She looked away in embarrassment But smiled, Her skirt wrapped twice around her thighs."
हिअअ च्चेअ विलीणो ण साहिओ जाणिऊण घरसारं । वंधवदुव्वअणं मिव दोहलओ दुग्गअवहूए ॥,"Conscious of the family’s situation, The pregnant wife does not mention what she craves for But keeps it to herself, Like an indecent proposal made by one of her husband’s brothers."
धावइ विअलिअधम्मिल्लसिचअसंजमणवावडकरग्गा । चंडिलभअविवलाअंतडिंभपरिमग्गिणी घरिणी ॥,"With one hand clutching at her skirt, Which is slipping down, And with the other her hair, Which has come loose, The housewife chases after her little son, Who is running away, scared of the barber."
जह जह उव्वहइ वहू णवजोव्वणमणहराइ अंगाइ । तह तह से तणुआअइ मज्झो दइओ अ पडिवक्खो ॥,"The more the wife flaunts her delicious, young body The thinner become her waist, her husband, And her rivals."
जह जह जरापरिणओ होइ पई दुग्गओ विरूओ वि । कुलवालिआण तह तह अहिअअरं वल्लहो होइ ॥,"The poorer, the uglier, the more decrepit Her husband becomes The more a true woman loves him."
एसो मामि जुआणो वारं वारेण जं अडअणाओ । गिम्हे गामेक्कवडोदअं व किच्छेण पावंति ॥,"Aunt! There goes the young man Whom all the hussies in turn Try to grab hold of, Just like the water in the only well in the village On a hot summer’s day."
गामवडस्स पिउच्छा आवंडुमुहाण पंडुरच्छाहं । हिअएण समं असईण पडइ वाआहअं पत्तं ॥,"Aunt, A yellow leaf, battered by the wind, Falls from the village banyan And with it the pale faces Of the false women."
पेच्छइ अलद्धलक्खं दीहं णीससइ सुण्णअं हसइ । जह जंपइ अफुडत्थं तह से हिअअट्ठिअं किं पि ॥,"She stares into thin air, Heaves long sighs, Smiles vacantly And mutters nonsense: There must be something on her mind."
गहवइ गओ म्ह सरणं रक्खसु एअं ति अडअणा भणिउं । सहसागअस्स तुरिअं पइणो च्चिअ जारमप्पेइ ॥,"“My lord, This man seeks shelter with us. Do look after him.” With these words the wife hastily introduced her lover To her husband Who had returned home unexpectedly."
हिअएच्छिअस्स दिज्जउ तणुआअंतिं ण पेच्छह पिउच्छा । हिअएच्छिओ म्ह कत्तो भणिउं मोहं गआ कुअरी ॥,"Aunt, Marry the girl to the person she fancies. Can’t you see she is pining away? “‘Person I fancy’? What do you mean?” So saying the girl fell in a faint."
खिण्णस्स उरे पइणो ठवेइ गिम्हावरण्हरमिअस्स । ओल्लं गलंतकुसुमं ण्हाणसुअंधं चिहुरभारं ॥,"Wet and fragrant after her bath And with flowers falling from it, She lays her long, thick hair On her exhausted husband’s chest After a summer afternoon Of making love."
अह सरसदंतमंडलकवोलपडिमागओ मअच्छीए । अंतोसिंदूरिअसंखवत्तकरणिं वहइ चंदो ॥,"Reflected in the deer-eyed woman’s cheek Covered with fresh tooth marks, The moon looks like a white conch shell Red on the inside."
स-गुण-कित्तण-किरणो ताव ण जणिंदु हरिसमुल्लसइ । जा ललइ न पालित्तय-सूरि-रवी निरुवम-गुणंसू ॥ ,"The moon of these people, whose rays are their constant self-congratulation, cannot delight me so long as the sun of Pālitta Sūri, whose rays are his incomparable virtues, does not shine here."
कीर्तिः प्रवरसेनस्य प्रयाता कुमुदोज्ज्वला । ।  सागरस्य परं पारं कपिसेनेव सेतुना ॥ ॥, "The fame of Pravarasēna, brilliant as a white water-lily, extends to the furthest shore of the ocean on his Bridge, just like the army of apes."
येन प्रवरसेनेन धर्मसेतुं विवृण्वता । । परः प्रवरसेनोऽपि जितः प्राकृतसेतुकृत् ॥ ॥, "He laid out a Bridge of Dharma with his excellent army, and so defeated that other Pravarasēna, who created a common bridge (or: the Prakrit Bridge)."
इअ पडिसारिअ-चंदे दूरुक्खंडिअ-णिसा-पअत्त-विरामे । चित्तविअ-कामिणि-अणे जाम-च्छेअ-विसमं गअम्मि पओसे ॥ दीहं रक्खस-वइणा चिंता-रेअविअ-धीर-दाविअ-हिअअं । दसहि वि मुहेहि समअं आलोइअ-सुण्ण-दस-दिसं णीससिअं ॥, "When thus the evening advanced beyond the (second) watch of the night, with the moon ascending high in the sky, and all activity ceased as the night was far spent, and the young women worried (at the prospect of war); the lord of the demons heaved a deep sigh, revealing his heart, impatient with anxiety, and saw the ten directions empty as he turned his ten faces all at once."
चिंतेइ ससइ जूरइ बाहुं परिपुसइ धुणइ मुह-संघाअं । हसइ परिओस-सुण्णं सीआ-णिप्पसर-वम्महो दहवअणो ॥,"Rāvaṇa, frustrated in his passion for Sītā, was lost in thought, sighed, and grieved, rubbed his arms, and shook his faces, and laughed without joy."
बहु-मण्णइ वच्छ-अडं हीरंतुव्वत्त-जणअ-तणआलिद्धं । णिंदइ अ वअण-णिवहं अप्पत्त-पिआ-मुहामअ-रसासाअं ॥,"He valued his bosom, touched by Site as she quivered, while being carried off, but abhorred his mouths, deprived of the nectar—sweet taste of his beloved’s lips."
पडिरुंभंतस्स वि से भग्ग-णिअत्त-परिसंठविअ-भिज्जंते । विसमुद्धाइअ-कंपे हिअए उल्ललइ अलहुअम्मि वि धीरं ॥,"Despite his efforts to the contrary, his patience wore out in his intermittently throbbing heart, which, though firm, despaired and cheered up, and became steady and despondent by turns."
तो से विसमुव्वत्तिअ -विरल-पसारिअ-करंगुलि-दर-त्थइअं । खलिअं अंसम्मि मुहं विअंभिआआस-गलिअ-बाहुप्पीडं ॥,"His faces, streaming with tears on account of overmastering anguish, and partly covered with the sparse fingers of his outstretched and upturned hands, drooped on his shoulders."
विसमुग्गाहिअ-महुरं दूमिअ-दंत-व्वणाहर-परिक्खलिअं । आअण्णेइ पिआणं वलंत-हिअआवहीरिअं जअ-सद्दं ॥,"He heard the greetings of his mistresses, lispingly uttered and sweet, and indistinct because of the lips hurt by amorous bites; but now ignored by his inconstant heart."
आमुअइ महइ सअणं मग्गइ रअणि-विरमं जुउच्छइ दिअसं । णीइ णिअत्तेइ पुणो रइ-लंभोवाअ-मग्गणाउर-हिअओ ॥,"Weary of seeking a means of gratifying his passion, he left his bed and yearned for it again; sought the end of the night, but hated the day; sallied out, turned back again."
पच्छाअंतस्स वि से बहुसो हिअअ-ट्ठिओ पिआण वि पुरओ । समअं मुह-णिवहम्मि वि सीआमइओ पअट्टइ समुल्लावो ॥,"Even in the presence of his mistresses, Sītā’s name, abiding in heart, even though he tried to suppress it, emerged simultaneously from all his mouths time and again."
तं पुलइअम्मि पेच्छइ उल्लावंतो अ तीअ गेण्हइ गोत्तं । ठाइ अ तस्स समअणे अण्णम्मि वि चिंतिअम्मि स च्चिअ हिअए ॥,"He saw her wherever he glanced, and uttered her name whenever he talked. In his heart, inflamed with passion, she alone stayed even whenhe thought of aught else."
साहइ से संतावं वास-हरद्धंत-विसम-पुंजिअ-कुसुमो । आअअ-णीसास-हओ किलिंत-सग्ग-तरु-पल्लवो उवआरो ॥,"The cooling remedies in the shape of the flowers heaped here and there in his chamber, and the fading leaves of the celestial trees, all marred by his sighs, betokened his grief."
देह-परिणाह-विअडे वलइ भरोव्वत्त-दलिअ-पासद्धंते । दूरोणामिअ-मज्झे विसमं भूमि-सअणे पहोलिर-हत्थो ॥,"Swaying his hands, he tossed about on a bed on the floor, enough for his bulky frame, and sunk in the middle, with the sides turned down and crushed by his weight."
दक्खिण्ण-मेत्त-दिण्णो जणअ-सुआ-हुत्त-हिअअ-दिण्णुक्कंठो । उल्ललइ खण-विलक्खो णिअअंतेउर-मुहेसु से मुह-णिवहो ॥,"His lips, touching those of his mistresses out of mere courtesy, slipped aside, compelled by momentary shame, and unsteady because his heart was bent on Sītā."
जा अण्णेण हसंतो गमेइ उम्मच्छरं विलासिणि-सत्थं । ता दूसह-संतावं अण्णं से सोअ-दुम्मणं होइ मुहं ॥,"While he deceived his jealous mistresses by laughing with one face, another face of his was clouded with grief, bearing traces of unbearable suffering."
णिउण-हसिआणुविद्धं सीआ-लंभावहारण-विसंवाअं । सुणइ ण लक्खेइ फुडं अण्ण-विइण्ण-हिअओ पिआण दहमुहो ॥,"With his heart fixed elsewhere, Rāvaṇa heard, but did not clearly comprehend the talk of his miStresses, accompanied by ironic smiles, as they ruled out the certainty of his winning Sītā."
ईसा-मच्छर-गरुए साहिक्खेव-परिवड्ढिओवालंभे । कह कह वि गमेइ खणं विलक्ख-हसिएहि कामिणि-समुल्लावे ॥,"Laughing in his confusion, he somehow endured for a moment the utterances of his mistresses, full of jealousy and wrath, and conveying opprobrious and stern rebukes."
तस्स पडिरुद्ध-सेसं बाहोत्थअ-कंठ-विसम-पअ-णिक्खेवं । संकिज्जइ विमणाहिं फुडं ण णज्जइ पिआहि गोत्त-क्खलिअं ॥,"Dejected, his mistresses suspected, but failed to comprehend clearly his fortuitous mention of their rival’s name, because the last letter was suppressed, and the utterance indistinct, his throat being choked with tears."
कह वि ठवेइ दहमुहो किं ति अणालविअ-मोह-दिण्णालावं । दइआहि गलिअ-बाहं रोस-णिरुत्तर-पुलोइअं अप्पाणं ॥,"Having responded in vain when no one had spoken to him, Rāvaṇa somehow composed himself as his mistresses looked at him in speechless rage, with tears walling up in their eyes."
अणहिअओ वि पिआणं उम्मच्छ-पसारिअग्घविअ-हुंकारं । अहिणंदइ दहवअणो समत्त-णिव्वेल्लिआहरोट्ठ-पुलइअं ॥,"Even though his heart was elsewhere, he welcomed the (angry) looked of his mistresses, with their lips all aquiver, because their mutterings occasioned by jealousy were suppressed (by decorum)."
दुच्चिंतिआवएसं पिआहि उम्मच्छ-संभम-कआलोअं । हसइ खणं अप्पाणं अणहिअअ-विसज्जिआसण-णिअत्तंतं ॥,"As he absent-mindedly left his seat and returned to it, offering an ill conceived excuse he laughed at himself for a moment; while his mistresses looked at him in perplexity with jealous eyes."
तह स गओ अइभूमिं जह ण विणिज्जंतणं पिआहि ण णाओ । ण अ णाऊण ण हसिओ ण अ हसिऊण अणुसोइउं ण अ तिण्णो ॥,"He went to such extremes (in his distraction) that his mistresses did know his condition for certain; and having known it, did laugh at him; but having laughed, could not help pitying him."
चिंतेउं च पउत्तो अवहोवास-पसरंत-णीसास-हअं । दोसु णिमेऊण समं एक्कं आसण्ण-मुह-कवोलेसु करं ॥,"Placing one of his hands evenly between two of his contiguous faces, he began to think as he covered it with his sighs coming on both sides."
अंकागअं सहिज्जइ पओस-रइ-विग्घ-संकिएण कइ-बलं । तं कस्स वि सोअत्थं वलइ अलद्ध-सुरअं महं चिअ हिअअं ॥,"“I have put up with the host of apes that is close at hand, because I am afraid to disturb the pleasures of the night. That is to the advantage of someone else; while deprived of the joys of love, it is my heart that grows restless."
किं भुअ-विवर-पहोलिर -संखोह-प्फिडिअ-गहिअ-कड्ढिअ-णिहअं । अत्थक्कासण्ण-ठिअं णिप्फल-चडुल-मुहलं मलेमि कइ-बलं ॥,"“Shall I crush the horde of apes as they draw near unawares, and move about and chatter in vain and wriggle out of my arms and flee in confusion and lie still when seized and dragged by me?"
ओ ससि-कराहउम्मिल्ल-लोअणंदोलमाण-बाह-तरंगं । आसाएमि कअ-ग्गह -णिरुत्तरुत्ताणिआणणं जणअ-सुअं ॥,"“Or, shall I enjoy Sītā, her silent face turned upwards as I seize her by the hair while ripples of tears well up in her eyes opening in contact with the moonbeams?"
कह विरह-प्पडिऊला होहिइ समुह-हिअआ पइम्मि उवगए । णेच्छइ इअरा वि ससिं किं उण दिट्ठम्मि दिणअरम्मि कमलिणी ॥,"“Hostile to me even in her husband’s absence. how will she be friendly now that her lord hath come? Does the day lily that is averse to the moon, even in the absence of the sun, ever desire it when the sun comes into view?"
अब्भत्थणं ण गेण्हइ तीरइ तिहुअण-सिरीअ वि ण लोहेउं । ण गणेइ सरीर-वहं कह मण्णे हेज्ज जाणई साणुणआ ॥,"“Sītā doth not accept entreaties, nor can she be tempted even with the riches of the three worlds, nor is she afraid of any danger to her life. How could she, I wonder, be favourable to be.”"
पइ-माहप्प-णिसण्णा अवमण्णिअ-सेस-सप्पुरिस-सोडीरा । जइ णवर होज्ज व वसा लुअ-राहव-सीस-दंसणा जणअ-सुआ ॥,"“Relying on the greatness of her consort, she depises the valour of all other brave men. She might perhaps yield only if she saw the severed-head of Rāma."
अद्दिट्ठ-लज्जणिज्जो भग्ग-परित्ताण-विअलिआसा-बंधे । अवसो अबंधु-लहुओ भएण ठिइ-भंग-साहसं कुणइ जणो ॥,"“People dare violate their cherished principle, out of fear, when they are helpless and humble for lack of friends, and see no cause for shame with all hope gone owing to loss of protection.”"
णवरि अ णं खेआलस -जिंभाअंत-वलिउद्ध-मुह-संघाअं । भुमआ-भंगाणत्तो समअं पासेसु परिअणो अल्लीणो ॥,"Thereupon his attendants, summoned by a movement of his eyebrows, fearfully approached him. on either side as his faces, held high with a weary yawn, turned towards them."
तो एक्क-हिअअ-गुणिअं दसहि वि समअं मुहेहि अप्पाहेउं । ण पहुप्पइ दहवअणो चिर-कंखिअ-लंभ-गब्भिणक्खर-गरुअं ॥,Even with his ten mouths he could not utter at once what was thought out in his mind because it was cumbered with words choked with my at the prospect of fulfilling his long cherished resolve.
अण्णेण समारद्धं वअणं अण्णेण हरिस-गहिअ-प्फिडिअं । अण्णेण अद्ध-भणिअं मुहेण अण्णेण से कह वि णिम्मविअं ॥,"One of his mouths began the words; another took them over in joy, but let-them slip; another uttered them half; while yet another somehow finished them."
तो उग्गाहिअ-सोअं तेण भणंतेण मुह-पहोलिर-धूमं । संताविएक्क-हिअअं दस-कंठ-क्खलिअ-पलहुअं णीससिअं ॥,"As he spoke sadly, his mouths shrouded in fumes and his heart aggrieved he heaved a sigh that became faint as it passed through his ten throats."
आहासइ अ णिसिअरे आणा-सम-काल-दिण्ण-पडिसंलावे । महि-णिमिओहअ-कर-अल -तंस-ट्ठिअ-तिअ-भरुण्णमिअ-देहद्धे ॥,"He addressed the demons, who responded simultaneously as he gave the orders and (knelt before him) with both hands placed on the ground and the raised half of the body resting on the curved hips."
तं माआ-णिम्मविअं रिउ-दंसण-विसम-वलिअ-णिच्चल-णअणं । दावेह कंठ-रहिअं सीआइ विओअ-पंडुरं राम-सिरं ॥,"Show to Sītā Rāma’s neckless head created by magic, with the face pale on account of separation from her, and the fierce staring eyes turned sideways to look at the foe."
तो अमरिस-मेलाविअ -भुमउग्गाहिअ-तरंगिअ-णिलाड-अडं । छिण्णाणिअं व तं चिअ ताहे च्चिअ तेहि णिम्मिअं राम-सिरं ॥,"Thereupon, at that very moment, they produced the very head of Rāma, as if it had just been severed and brought thither, with the forehead furrowed by an angry frown."
संपत्थिआ अ संभम -चलणोवडण-विसमुट्ठिआ पमअ-वणं । कह वि समत्तप्पाहिअ -दहवअणाणत्ति-वावडा रअणिअरा ॥,"Hurriedly getting up with eager footsteps, the demons started for the pleasure garden, occupied with Rāvaṇa’s command that had somehow been fully explained by him."
पत्ता अ फुडिअ-मणि-अड -विवरुट्ठिअ-सलिल-बद्ध-पंकअ-मउलं । पवण-सुअ-भग्ग-पाअव -भंगुग्गअ-बाल-किसलअं पमअ-वणं ॥,They reached the pleasance where lotus-buds were springing up in the water stored in cavities in the crystal embankments; and young shoots had issued from the broken stems of the trees smashed by Hanumat.
पेच्छंति अ सइ-संठिअ -वअण-विसंवइअ-थण-णिसण्ण-कर-अलं । दहवअणागम-संकिअ -पअ-सद्दुप्पित्थ-लोअणं जणअ-सुअं ॥,"There they saw Sītā, with her eyes terror-stricken at the, sound of-their footsteps making her fear that Rāvaṇa might have come; while her hands lay on her bosom, having slipped from the face that had always rested on them."
पिअअम-सहत्थ-पेसिअ -मणि-सुण्णइअ-सिढिलद्ध-वेणी-बंधं । धोअ-कलधोअ-पंडुर -पडंत-बाह-पहउण्णअ-त्थण-अलसं ॥,"Her half-tied braid was loose, being stripped of the jewel, which she had sent to her beloved as a sign of recognition; and her high bosom, white as refined silver, was drenched with streaming tears."
अजमिअ-पम्हल-वेणिं बाह-जल-पहाविआलओत्थइअ-मुहिं । रसणा-सुण्ण-णिअंबं विच्छड्डिअ-मंडणग्घविअ-लावण्णं ॥,"Her locks were unkempt and ruffled, and her face was covered with her tresses drenched with tears, and the hips were without the girdle; but her beauty was heightened because she had discarded the ornaments."
थोअ-मउआअअ-ट्ठिअ -पिअअम-गअ-हिअअ-सुण्ण-णिच्चल-णअणं । कइ-बल-सद्दाअण्णण -बाह-तरंग-परिघोलमाण-पहरिसं ॥,"Her partly closed, dilated eyes were motionless and vacant; her heart being absorbed in her beloved; while joy flickered in the ripples of her tears as she heard the noise of the host of apes."
ईसि-रअ-भिण्ण-पाडल -वसुआअ-प्फरुस-बाह-बिंदु-ट्ठाणं । विच्छड्डिअ-परिधूसर -णिअअ-सहाव-परिसंठिआहर-राअं ॥,"The traces of her tear-drops, partly mingling with the dust on her body, were pale red, dry and coarse; while her unadorned and pallid lips revealed their natural hue."
वअणं समुव्वहंतं ओलुग्ग-कओल-णिव्वलंताआमं । असमत्त-कला-दीहं कइ-दिअहासण्ण-पूरिअव्वं व ससिं ॥,"Her face appeared to be drawn out because of her worn cheeks, and resembled a crescent moon that fills out in the course of a few days."
देह-च्छवि-णिव्वलिए भिण्ण-दरुव्वत्त-रोअणा-सच्छाए । भूसण-बंधण-मग्गे लक्खिज्जंत-तलिणत्तणे वहमाणं ॥,"She had on her the faint traces of her disarded ornaments. made distinct by the lustre of her body, and resembling yellow pigment applied to the body, but slightly rubbed off."
दट्ठव्व-चडुल-णअणं उवऊहण-लालस-प्फुरिअ-बाहु-लअं । आसण्ण-ट्ठिअ-दइअं रसेण एक्क-सअणम्मि व विसूरंतिं ॥,"With her beloved close at hand she was pining, with her eyes longing to see him and her quivering arms eager to embrace him; even like an offended lady suffering on account of love, with her beloved close to her in the bed."
दूसह-मिअंक-दंसण -दुउणअरुक्कंठ-णीसह-णिसण्णंगिं । गअ-जीविअ-परिसंकिअ -णिसिअरि-हत्थ-परिमट्ठ-णिच्चल-हिअअं ॥,Her limbs were languid and drooping because of redoubled anguish at the sight of the unbearable moon? and her inert bosom was felt by the female demons fearing she was dead.
हत्थेण बाह-गरुइअ -दूर-पलंबालओत्थएण वहंतिं । पिअ-पेसिअंगुलीअअ -मणि-प्पहा-पाअडेक्क-पासं व मुहं ॥,"Her face seemed to be covered, on one side, with the lustre of the (blue) gems of the ring, sent by her beloved because she rested it on her hand covered with her flowing tresses drenched with tears."
आसण्ण-जुज्झ-विमणं राम-भुआसंघ-णिट्ठविअ-संतावं । हिअआवलिअ-दहमुहं किं मण्णे होहिइ त्ति विमुहिज्जंतिं ॥,"She was disquieted by the impending battle, but her anxiety was stifled by her confidence in Rāma’s arms. But when Rāvaṇa came to her mind she was in a puzzle about what would come to pass."
समुहालोअण-विडिअं विडिअ-णिमिल्ल-पिअ-दंसणूसुअ-हिअअं । ऊसुअ-हिअउम्मिल्लं उम्मिल्लोसरिअ-पइ-मुह-किलिम्मंतिं ॥,"She was abashed to see Rāma before her (in her imagination); but when she closed her eyes in abashment, her heart became eager to see her beloved again. She opened her eyes in the eagerness of her heart, but became sad as the face of her consort vanished with the opening of the eyes."
दट्ठूण अ णं दूमिअ -हिअअ-पहोलंत-संभरिअ-काअव्वा । अल्लीणा माआमअ -राम-सिरुल्लअण-काअरा रअणिअरा ॥,The demons recalled their task that was slipping from their minds saddened on seeing her and drew near loth to present to her the magic head of Rāma.
अह तेहि तीअ पुरओ छेअ-समुव्वत्त-मास-दिण्णावेढं । ठविअं राहव-वअणं लुअ-मज्झ-विलग्ग-वाम-हत्थं च धणुं ॥,"They then placed before her Rāma’s head, with the flesh swollen all round on account of the cut; also a bow with the severed left hand attached to the middle."
आलोइए विसण्णा उवणिज्जंतम्मि वेविउं आढत्ता । सीआ रअणिअरेहिं राम-सिरं ति भणिए गअ च्चिअ मोहं ॥,"Sītā was seized with grief when she espied it, and began to tremble as the demons brought it near, and fainted when they said it was Rāma’s head."
पडिआ अ हत्थ-सिढिलिअ -णिरोह-पंडर-समूससंत-कवोला । पेल्लिअ-वाम-पओहर -विसमुण्णअ-दाहिण-त्थणी जणअ-सुआ ॥,"She fell with her left breast pressed on the ground, and the right raised and slanting, and the pale cheeks filling out, being released from the grip of her hands."
मरणम्मि बंधवाणं जणस्स किं होइ बंधवो च्चिअ सरणं । तह गुरु-सोअ-कवलिआ धरम्मि पडिआ विमुच्छिआ धरणि-सुआ ॥,"At the death of one’s kinsfolk, the kindred alone become one’s refuge. Hence, the daughter of the Earth swooned, and fell on the earth overwhelmed with so great a grief."
ण कओ बाह-विमुक्खो णिव्वण्णेउं पि ण चइअं राम-सिरं । णवर-पडिवण्ण-मोहा गअ-जीविअ-णीसहा महिम्मि णिसण्णा ॥,"She shed no tears nor could even look at Rāma’s head. Having fainted, she only sank to the ground, helpless like one dead."
खण-णिच्चल-णीसासं जाअं मोहंधआर-साम-च्छाअं । विरल-मिलिअच्छि-वत्तं मुच्छा-हीरंत-तारअं तीअ मुहं ॥,"Her face was clouded by the gloom of unconsciousness, with the breath still for a moment, the eyelashes partly joined, and the pupils rolling in her swoon."
विसरिअ-विओअ-दुक्खं तक्खण-पब्भट्ठ-राम-मरणाआसं । जणअ-तणआइ णवरं लद्धं मुच्छा-णिमीलिअच्छीअ सुहं ॥,"With eyes closed as she swooned, she felt only bliss free from the pangs of separation with the sorrow caused by Rāma’s death forgotten for the moment."
थण-परिणाहोत्थइए तीए हिअअम्मि पअणुअं पि ण दिट्ठं । दीहं पि समूससिअं सूइज्जइ णवर वेविरे अहरोट्ठे ॥,"On her bosom covered with the breasts, even her deep breathing was not observed in the least; it was only on her quivering lower lip that it was discerned."
अपरिप्फुड-णीसासा तो सा मोह-विरमे वि णीसह-पडिआ । अणुवज्झ-बाह-गरुइअ -दुक्ख-समुव्वूढ-तारअं उम्मिल्ला ॥,"She lay weary on the ground even at the end of her swoon, breathing faintly; and opened her eyes, with the pupils slowly rolling, and bedewed with streaming tears."
पेच्छइ अ सरहसोहरिअ-मंडलग्गाहिघाअ-विसम-च्छिण्णं । दूर-धणु-संधिअंचिअ -सर-पुंखालिद्ध-सामलइआवंगं ॥,"She beheld Rāma’s head roughly lopped off by the impact of a forceful sword, the corners of the eyes being blackened by friction with the feathers of the arrows drawn full length as they were fixed in the bow."
णिव्वूढ-रुहिर-पंडुर -मउलंत-च्छेअ-मास-पेल्लिअ-विवरं । भज्जंत-पडिअ-पहरण -कंठ-च्छेअ-दर-लग्ग-धारा-चुण्णं ॥,"The passage of the throat was blocked by the flesh, shrinking around the cut, andlgrown pale from bleeding; while the saffron powder on the blade of the sword had partly adhered to the slit 1n the neck when the weapon menacingly descended upon it."
णिद्दअ-संदट्टाहर -मूलुक्खित्त-दर-दिट्ठ-दाढा-हीरं । संखाअ-सोणिअ-प्पंक-पडल-पूरेंत-कसण-कंठ-च्छेअं ॥,"The tips of the teeth were slightly visible, clenched at the root of the severely bitten lower lip; while the gash in the throat was black, being filled” with a lump of gore."
णिसिअर-कअ-ग्गहाणिअ -णिलाड-अड-णट्ठ-भिउडि-भुमआ-भंगं । गलिअ-रुहिरद्ध-लहुअं अणहिअउम्मिल्ल-तारअं राम-सिरं ॥,"The frown and the movement of the eyebrows seemed to have disappeared from the forehead, while it was brought by the demons, seizing it by the hair; and it had become lighter from loss of blood, with the pupils ﬁxed in a lifeless stare."
तह णिमिअ च्चिअ दिट्ठी मुक्क-कवोल-विहुरो उर च्चिअ हत्थो । गअ-जीविअ-णिच्चेट्ठा णवरं सा महि-अलं थण-भरेण गआ ॥,"Her eyes remained fixed on the head as before, and her weary hand, leaving the cheeks, rested on her bosom inert like a corpse, she only sank to the ground under the weight of her breasts."
तो मुच्छिउट्ठिआए किं एअं ति गअणे दिसासु अ समअं । सुण्ण-परिघोलिअच्छं जाअं मूढ-परिदेविअं तीअ मुहं ॥,"When she rose up after having swooned, her visage bore the imprint of silent mourning, with the listless eyes rolling simultaneously in different directions, and towards the sky; wondering what it all could be."
णिव्वण्णेऊण अ णं तत्तो-हुत्त-ट्ठिओसिअंत-णिसण्णो । कंखंतीअ ण पत्तो वअणं मरणं च से कह वि अप्पाणो ॥,"Languid and drooping as she confronted the head; she found no words nor death, even though, on-seeing it, she had longed for both."
णवरि अ पसारिअंगी रअ-भरिउप्पह-पइण्ण-वेणी-बंधा । पडिआ उर-संदाणिअ -महि-अल-चक्कलइअ-त्थणी जणअ-सुआ ॥,"Sītā then fell prostrate, her hair dishevelled and filled With dust, and her breasts pressed close against the ground, covered with her bosom."
सव्वंग-णिसण्णाअ वि णीसेस-क्खविअ-वलि-विभंग-णिराओ । तीए मज्झ-पएसो थण-जहण-करालिओ ण पावइ वसुहं ॥,"Even though she outstretched her waist, slim with the fleshy folds entirely smoothed out, did not touch the ground, being held between the breasts and the hips."
सहसालोअ-विराअं दइअ-मुहे तम्मि साणुसअ-दट्ठव्वे । मोहं गंतूण चिरं समअं बाहेण आगअं से हिअअं ॥,"Her consciousness, disrupted at the sudden appearance (of the severed head) while she had hoped to see her beloved’s face with soothing words, returned along with her tears, after being long eclipsed by the swoon."
तो कह वि लद्ध-सण्णा बाहोवग्गिअ-कवोल-अल-संदट्टं । मग्गइ संगोवेउं अलअं तीअ विहलो ण पावइ हत्थो ॥,"Having somehow recovered consciousness, she tried to arrange her tresses adhering to her cheeks. bedewed with tears, but her weary hand failed to move."
आवेअ-समुक्खित्तं तो से खेआगमोसिअंतोवत्तं । पडिअं णिअउच्छंगे अप्पत्तं चिअ पओहरे कर-जुअलं ॥,Her eagerly lifted hands worn out with fatigue and unsteady. dropped on her lap without having reached the breasts.
मूढ-हिअआइ दट्ठुं अचअंतीअ समुहं कह वि राम-सिरं । तंसोणमंत-णीसह -वअण-च्छंद-वलिआलआइ पुलइअं ॥,"Bewildered and unable in any wise to look straight at Rāma’s head she beheld it as her weary face leaned sideways, with her tresses moving in its wake."
परिदेविउं पउत्ता णिअअ-सरीर-पडिमुक्क-राहव-दुक्खं । कर-मग्गुट्ठिअ-सोणिअ -विवण्ण-उण्णअ-पओहरा जणअ-सुआ ॥,"Sītā began to wail, venting her grief for Rāma upon her own body, with her plump bosom blood-stained on account of blows with her hands."
आवाअ-भअअरं चिअ ण होइ दुक्खस्स दारुणं णिव्वहणं । जं महिला-बीहच्छं दिट्ठं सहिअं च तुह मए अवसाणं ॥,”Suffering is terrible only at the outset; its sequel is not severe since I have seen and endured thy end something abhorrent to a woman.
बाहुण्हं तुज्झ उरे जं मोच्छिहिमि त्ति संठिअं मह हिअए । धर-णिग्गमण-पअत्तं साहसु तं कम्मि णिव्वविज्जउ दुक्खं ॥,"Tell me how I am to assuage my grief, which began since my departure from home, and which I had purposed to allay by shedding ardent tears on thy bosom."
विरहम्मि तुज्झ धरिअं दच्छामि तुमं ति जीविअं कह वि मए । तं एस मए दिट्ठो फलिआ वि मणोरहा ण पूरेंति महं ॥,"During separation from thee, I kept somehow alive in the hope of seeing thee, and thus have I seen thee. My hopes, although they were coming to fruition, were not fulfilled."
पुहवीअ होहिइ पई बहु-पुरिस-विसेस-चंचला राअ-सिरी । कह ता महं चिअ इमं णीसामण्णं उअत्थिअं वेहव्वं ॥,"The Earth will have another lord, and Royal Fortune pass to many an eminent man. How is it that this uncommon widowhood hath befallen me alone?"
किं एअं ति पलत्तं विसउम्मिल्लेहि लोअणेहि अ दिट्ठं । विअलिअ-लज्जाइ मए होइ फुडं णाह तुह मुहं ति परुण्णं ॥,"I exclaimed ”what is this?"" and stared at the head with wide eyes When my lord it clearly turned out to be thine I merely wept, bereft of shame."
सहिओ तुज्झ विओओ रअणिअरीहि समअं सहीहि व वुत्थं । दट्ठुं तुमं ति होंतं जइ एत्ताहे वि जीविअं विअलंतं ॥,"It would have been true to say that I endured separation from thee, and sojourned with the raksasa women as with friends, only to see thee, had my life departed even now."
जाए पर-लोअ-गए तुमम्मि ववसाअ-मेत्त-सुह-दट्ठव्वे । हरिस-ट्ठाणे वि महं इज्झइ अद्दिट्ठ-दहमुह-वहं हिअअं ॥,"Although there is ground for joy, because I could see thee with ease by a mere effort now that thou hast gone to the other world my heart on fire because I did not see Rāvaṇa killed."
बाहं ण धरेइ मुहं आसा-बंधो वि मे ण रुंभइ हिअअं । णवरि अ चिंतिज्जंते ण विणज्जइ केण जीविअं संरुद्धं ॥,"My face is not stained with tears? nor does any bond of hope restrain my heart. Then on reflection, I know not what holds my life back."
बोलीणो मअरहरो मज्झ कएण मरणं पि दे पडिवण्णं । णिव्वूढं णाह तुमे अज्ज वि धरइ अकअण्णुअं मह हिअअं ॥,"Thou didst cross the ocean. and accept even death for my sake. Thy task, my lord, was fulfilled, but my ungrateful heartbeats even now."
उग्गाहिअ राम तुमं गुणे गणेऊण पुरिसमइओ त्ति जणो । गलिअ-महिला-सहावं संभरिऊण अ ममं णिअत्तिहिइ कहं ॥,"Recounting by Virtues. O Rāma, people will praise thee as valiant, but will cease to talk about me, remembering me as one that lacked womanly character."
तुह बाणुक्खअ-णिहअं दच्छिमि दहकंठ-मुह-णिहाअं ति कआ । मह भाअधेअ-वलिआ विवरा-हुत्ता मणोरहा पल्हत्था ॥,"My hopes that I shall see Rāvaṇa’s heads, severed by thy arrows and ﬂung to the ground, are reversed, being thwarted by fate."
जं तणुअम्मि वि विरहे पेम्मावंधेण संकइ जणस्स जणो । तं जाअं णवर इमं पेच्छंतीए अ तारिसं मज्झ फलं ॥,A sequel of this sort to what one fears in respect of another out of affection for him even in a brief separation hath become manifest in my case alone.”
तो विलविअ-णिप्फंदं गलंत-हिअअ-परिसुण्ण-लोअण-जुअलं । महुरं आसासंती हत्थुण्णामिअ-मुही भणइ णं तिअडा ॥,"Thereupon Trijātā raised Sītā’s face with her hands, and consoled her with sweet words as she lay worn out with mourning, with a vacant stare void of all feeling."
अवरिगलिओ विसाओ अखंडिआ मुद्धआ ण पेच्छइ पेम्मं । मूढो जुवइ-सहाओ तिमिराहि वि दिणअरस्स चिंतेइ भअं ॥,"“Unthinking sorrow, undiscerning simplicity; and love do not see the truth; and the foolish mind of a young woman apprehends danger to the sun even from darkness."
तिहुअण-मूलाहारं विसढ-महिंद-पडिमुक्क-वूढ-रण-धुरं । जाणंती कीस तुमं तुलेसि सेस-पुरिसाणुमाणेण पइं ॥,"Knowing thy consort to be the primal foundation of the universe, one that assumed the respsonsibility (of protecting the world) when it was abandoned by the helpless Indra, why dost thou judge him to be on a par with other men?"
अमिलिअ-साअर-सलिला अणह-ट्ठिअ-महिहरा अणुव्वत्त-अला । रामस्स छिण्ण-पडिअं कह पत्तिअसि धरणी धरेइ त्ति सिरं ॥,"How canst thou believe that the earth could hold Rāma’s severed and fallen head, without being overturned, and without the waters of the different oceans mingling together?"
मारुअ-मोडिअ-विडवं मिअंक-किरण-पडिमास-मउलिअ-कमलं । कह होइ राम-वडणे इअ णिच्छाअं दसाणण-धरुज्जाणं ॥,"In the event of Rāma’s death, how could Rāvaṇa’s palace garden be thus shorn- of its beauty, with the branches of the trees broken by the wind, and the day lotus blossoms closing in contact with the rays of the moon?"
मा रुअसु पुससु बाहं उअऊहेऊण अंस-परिअत्त-मुहं । संभरिअ विरह-दुक्खं रोत्तव्वं दे पुणो पइस्स वि अंके ॥,"Weep not. Wipe thy tears away. On thy consort’s lap wilt thou weep again, remembering the pangs of separation, and embracing him with thy face leaning on his shoulders."
अइरा अ दच्छिहि तुमं तुह विरहोलुग्ग-पंडुर-मुह-च्छाअं । गअ-रोस-सुहालोअं ओआरिअ-चाव-णिव्वुअं दासरहिं ॥,"Soon wilt thou see Rāma happy with his bow unstrung, and serene and free from wrath with his face worn and pallid on account of separation from thee."
पत्तिहि अमरिस-भरिअं हरेण वि अपत्थणिज्ज-कंठ-च्छेअं । फुट्टंतं जइ होंतं छिण्णं पि कअ-ग्गहुग्गअं राम-सिरं ॥,"Believe me. Had it been Rāma’s head, the cutting of which could not be imagined even by Siva, it would have burst in a rage even though severed when affronted (by the demons) by seizing it by the hair."
किं ति समाससिअव्वे मुज्झसि दहवअण-दप्प-भंगुप्फालं । पेच्छंती पमअ-वणं रामाणत्ति-अर-पवअ-आविद्ध-दुमं ॥,"Why art thou stupefied when there is cause for joy, seeing as thou dost the pleasance that is a witness to the humiliation of Rāvaṇa’s pride with its trees prostrated by an ape that was but a servant of Rāma?"
णिहउक्खअ-सुर-लोअं दरिअ-णिसाअर-णिहाअ-पल्हत्थंतं । कह तेण खणं मि विणा धरेइ जस्स भुअणं भुअ-ववट्ठंभं ॥,How will the world supported by his arms subsist without him even for a moment overwhelmed by the proud hordes of demons with the abode of the gods ravaged and destroyed?
तह तं सि गआ मोहं मुच्छा-गअ-पडिअ-णीसह-विसण्णंगी । रक्खस-माएत्ति फुडं जाणंती जह इमं अहं पि विसण्णा ॥,"Fainting and sinklng to the ground, languid and drooping, thou art under such a delusion that even knowing it clearly to be a deception of the demons, I am likewise stricken with grief."
मिलिअ-णिसाअर-पुरओ सुवेल-मलअंतराल-णिम्मविअ-वहे । पेल्लिअ-तिऊड-सिहरे अज्ज वि किं तुज्झ राहवे अग्गहणं ॥,"Why hast thou no conﬁdence in Rāma even now? He hath built a causeway between the Suvela and the Malaya before the eyes of the united demons, and stormed the peaks of the Suvela.”"
तो अगहिओवएसा गओणिअत्तंत-जीविअ-मुहिज्जंती । तिअडाअ जणअ-तणआ सहि-सब्भाव-सरिसं उरम्मि णिसण्णा ॥,"Stupefied as she hovered between life and death, and paying no heed to the admonition, Sītā sank down upon Trijātā’s bosom with confidence worthy of the latter’s affection for her."
लोअण-वइअर-लग्गं तंस-णिसण्णाअ तीअ तिअडा-वच्छे । गलिअं कओल-पेल्लण -पीडिज्जंतालउग्गअं बाह-जलं ॥,"As she reclined sideways on Trijātā’s bosom, the mingled tears of their eyes issued in a stream from her tresses hard pressed by her cheek."
तो जंपिउं पउत्ता पुणो वि अत्थेक्क-उट्ठिअ-समूससिआ । उर-घोलिर-वेणी-मुह -थण-लग्गुग्घुट्ठ-महि-रआ जणअ-सुआ ॥,"Sītā, then, suddenly recovered herself, and began to speak again wiping away the dust on her breasts with her hair waving on her bosom."
साहसु ज च्चिअ पढमं दट्ठूण अहं इमं महिम्मि णिसण्णा । स च्चिअ मोहुम्मिल्ला पेच्छामि अ णं पुणो धरेमि अ जीअं ॥,"”Tell me if I am the same that first saw this head and sank to the ground and, then, recovering from the swoon, see it again, and cling to life."
सहिआ रक्खस-वसही दिट्ठं तुह णाह एरिसं अवसाणं । अज्ज वि वअणिज्ज-हअं धूमाइ च्चिअ ण पज्जलइ मे हिअअं ॥,"I have endured life among the demons, and seen, my lord, such an end of thee; but my heart, overwhelmed with disgrace, still smoulders, and doth not burst into flame."
पुरिस-सरिसं तुह इमं रक्खस-सरिसं कअं णिसाअर-वइणा । कह ता चिंतिअ-सुलहं महिला-सरिसं ण संपडइ मे मरणं ॥,"This thy end is worthy of a man, and the lord of the demons hath done what befits a demon. Why is it that death, worthy of a woman, and available at will, doth not befall me?"
पवण-सुअ-सिट्ठ-तुरिअं इह एंतस्स अवलंबिउं मह जीअं । विरह-लहुअं पि राहव मए जिअंतीअ जीविअं तुज्झ हिअं ॥,"Thou hadst sped hither, O scion of Raghu, as soon as Hanumat delivered his message, to save my life, worn by the sorrows of sepration; but I destroyed thy life, myself remaining alive.”"
अलअंधआरिअ-मुही समुहागअ-कंठ-भमिअ-वेणी-बंधा । मोह-पडिवण्ण-हिअआ दर-जंपिअ-णीसहं पुणो वि णिसण्णा ॥,"Stupefied in her heart, she sank to the ground again as she wearily moaned in a faint voice, with the face hidden by her tresses, and the hair spreading about the neck in front."
तो फुडिअ-वेणि-बंधण -भंगुग्गअ-विसम-केस-पल्हत्थरणे । पडिआ रामोर-त्थल -सअण-णिरास-हिअआ महि-अलुच्छंगे ॥,"Bereft of all hope of reposing on Rāma’s bosom, she lay on the ground covered with the wavy, dishevelled hair of her loosened braid."
तीअ णव-पल्लवेण व पहराअंब-विहलेण हत्थेण मुहं । परिमज्जिउं ण चइअं एक्क-कवोल-मिलिआलअं कह वि कअं ॥,She could not wipe her face with her feeble hand turned red like a new leaf by beating the breast but somehow put aside her tresses on one cheek.
समुह-मिलिअं पि जाहे रूअं बाह-विहला ण गेण्हइ दिट्ठी । ताहे कह कह वि कअं उहअ-करुप्पुसिअ-लोअणं तीअ मुहं ॥,"When her Vision, bedimrned with tears; failed to apprehend even the things lying in front of her she somehow rubbed her eyes with both hands."
तो सा भमंत-मारुअ -विसम-पइण्णालउप्पुसिअ-बाह-जला । पेच्छइ राहव-वअणं णिसाअरोच्छुण्ण-महि-अल-पहोलंतं ॥,"With the tears wiped away by her tresses, scattered by a gust of wind, she looked at Rāma’s head, vibrating on the ground, as if it had just been severed by the demons."
लक्खिज्जंत-विसाआ अब्भहिउम्मिल्ल-णिच्चल-ट्ठिअ-णअणा । राम-सिर-बद्ध-लक्खा धुव्वइ बाहेण से ण रुंभइ दिट्ठी ॥,Her mournful eyes fixed on the head with the pupils much dilated and motionless were washed not hindered by her tears.
तो तं दट्ठूण पुणो मरणेक्क-रसाइ बाह-णीसारच्छं । आउच्छसु मं ति कअं तिअडा-गअ-लोअणाइ दीण-विहसिअं ॥,"She beheld it once more; and intent on death, glanced at Trijātā with tearless eyes-and piteously smiled as she said ”Suffer me (to die).”"
सहिअम्मि राम-विरहे दारुण-हिअअ-प्पडिच्छिए वेहव्वे । सहसु गअ-णेह-लहुअं मह णिल्लज्ज-मरणं इमं ति परुण्णा ॥,"Forgive my shameless death despicable because of lack of love endured separation from Rāma and accepted widowhood with a cruel heart.” Thus saying, she burst into tears."
सव्वस्स अ एस गई ण उणो माणुण्णआण इममवसाणं । अणुसरिसं ति भणंती आहंतूण पडिआ थिरं थण-अलसं ॥,"“This is the fate of all, but such an end is unbecoming to those who have an exalted sense of the their dignity.” As she uttered these words she threw herself on the ground, beating her breast."
तह जीव-लज्जिआए विलवंतीअ वि विसाअ-णीसह-मउअं । दासरहि त्ति पलत्तं पिअ त्ति सीआइ ण चइअं वाहत्तुं ॥,"Even as she wailed in this wise, ashamed of her life, wearily in a voice-faint from grief, Sītā addressed Rāma as the son of Daśaratha, but could not say ”Beloved.”"
अणुसोइउं ण इच्छइ ण देइ अंगम्मि सा परम्मि व पहरं । बाहं मुअइ ण रुंभइ मरिअव्वे लद्ध-पच्चअं से हिअअं ॥,"No more did she wish to lament, nor smote her breast like an enemy. She shed no tears, but checked their flow. Her heart was bent on death."
तो तं मरण-णिमित्ते अणिअत्तंत-हिअअं पअत्ता वोत्तुं । तिअडा धुअग्ग-कर-अल -दर-पडिअ-पडिच्छिअंग-विसमोअण्णं ॥,"Trijātā then began to Speak to her. Yearning for death, she was drooping heavily with her body held up (by her friend) as she. with quivering hands. almost fell to the ground."
जाणइ सिणेह-भणिअं मा रअणिअरि त्ति मे जुउच्छसु वअणं । उज्जाणम्मि वणम्मि अ जं सुरहिं तं लआण गेण्हइ कुसुमं ॥,"“Sītā, despise not affectionate words, because I am a rākṣasa woman. Whether in a garden or in a wood, it is the fragrant flowers of the creepers that are culled."
किमु जीअंतीअ तुमे जइ अलिअं सहि ण होज्ज राहव-मरणं । अणहे उण रहुणाहे तुह मे मरण-विहुरं किलम्मइ हिअअं ॥,"Friend, if Raghava were really dead, what would indeed be the use of thy living? But my heart is weighed down with sorrow, because thou art dying even when Rāma is safe."
चिंतेउं पि ण लब्भइ जह संभावेसि तह इमं जइ होंतं । तो दाणि किं जणम्मि व तुमम्मि संठावणा महं अणुरूवा ॥,"It is impossible even to imagine what thou hast surmised. If it were so, would my consolation be now in place in regard to thee, as in the case of the common people?”"
सअला णिसाअर-पुरी घर-परिवाडि-सम-णीहरिअ-रुण्ण-रवा । एक्केण कआ कइणा कह होहिइ अणह-रक्खसं रहु-वडणं ॥,A single ape reduced the entire city of the demons to such a plight that the loud wail rang through the rows of houses. How could Rāma’s death come about with the demons unscathed?
णत्थि णिहम्मइ रामो अइरा होहिइ अरक्खसं तेल्लोक्कं । दिट्ठं ति भणामि फुडं पत्तिअ कस्स वि पिओ कुलस्स विणासो ॥,It is impossible. Rāma cannot be killed. The world will soon be without any demons. I say so because I have foreseen it clearly. Believe me. To whom is the destruction of his race dear?
उट्ठेसु मुअसु सोअं पुस एअं बाह-मइलिअं थण-वट्ठं । सुणसु सउणे ण वट्टइ समराहिमुहे पइम्मि अंसु-णिवाओ ॥,Rise. Give up thy sorrow. Wipe thy bosorn soiled with tears. Hearken. The shedding of tears is inauspicious when one’s consort confronts a battle.”
मोत्तूण अ रहुणाहं लज्जागअ-सेअ-बिंदुइज्जंत-मुहो । केण व अण्णेण कओ पाआरंतरिअ-णिप्पहो दहवअणो ॥,Excluding Rāma who else hath confined Rāvaṇa within the walls (of Lanka) bereft of lustre with sweat dripping from his face on account of shame?
अइरा अ दे रहु-सुओ तण्णाअंतग्ग-हत्थ-मउइअ-पम्हं । मोच्छिहि वेवंतंगुलि -गुप्पंतुक्खित्त-विसम-भाअं वेणिं ॥,"Soon will Rāma loosen thy braid, with the tresses softened by his perspiring hands, and the curls ruffled and raised by his trembling fingers."
विअलिअ-लज्जा-लहुअं एअ करंतस्स रहुवइम्मि धरंते । ण अ तह दुक्खामि तुमे जह परिवत्तम्मि दहमुहस्स सहावे ॥,"I am aggrieved not so much on thy account as at the changed character of Rāvaṇa thus acting meanly, without shame, while Rāma is alive."
वालि-वह-दिट्ठ-सारं बाण-गलत्थिअ-समुद्द-दिण्ण-थल-वहं । रोहिअ-लंका-वलअं मा लहुअं पेच्छ राहवस्स भुअ-बलं ॥,"Think not that the power of Rāma’s arms counts for little. Its efficacy was seen in the slaying of Vālī. On account of it, the ocean, driven by his arrows, hath granted a land-track across its waters. On account of it, Lanka is besieged."
दिट्ठा सि मए सिविणे ससि-सूरालिहण-सोहिउम्मुह-पडिमा । खंधुट्ठिअ-सुर-गअ-कण्ण-आल-विहुअ-धवलंसुअ-दसद्धंता ॥,"I have seen thee in a dream, riding on an elephant of the gods, with the fringes of thy white scarf shaken by the ﬂappings of its ears; while thy joyful ﬁgure shone in contact with the sun and the moon."
दिट्ठो अ मे दहमुहो दह-मुह-परिवाडि-विअड-कड्ढण-मग्गो । काल-दढ-पास-कड्ढिअ -दर-घडिउग्घडिअ-खलिअ-मुह-संघाओ ॥,"I have also seen Rāvaṇ, with his heads, partly adhering to the body, but disjoined and fallen, while being dragged by the god of death with a stout halter, with the trail of the ten heads clearly visible one after the other."
तं अवलंबसु धीरं णासउ संपइ अमंगलं जाव इमं । मुणिअ-परमत्थ-लहुई अवहीरिअ-णिप्फला णिअत्तउ माआ ॥,"So take heart; Let all this inauspicious behaviour now cease. Let the illusion vanish, ignored and futile, and empty because the truth is known."
होंतं जइ राम-सिरं एआवत्थं पि तो समूससमाणं । अमअं मिव णाअ-रसं आसाएऊण तुह कर-प्फरिस-सुहं ॥,"Had it been Rāma’s head, it would have returned to life even in such a plight, having obtained the familar touch of thy hands, sweet as nectar.”"
इअ राम-पेम्म-कित्तण -दूसह-वज्जाहिघाअ-दूमिअ-हिअआ । संभरिअ मुक्क-कंठं अण्णमअं मरण-णिच्चआ वि परुण्णा ॥,"Agonized by the mention in this wise of Rāma's love for her, an unbearable crash of thunder, she wept aloud, in a different manner, remembering the past, even though she was intent on death."
तो तिअडा-वअणेहि वि ण संठिआ जाव तीअ पवअ-कलअलो । रण-संणाह-गभीरो ण सुओ राहव-पहाअ-मंगल-पडहो ॥,"She was not consoled even by Trijātā’s words until she heard the yelling of the apes and the auspicious beat of Rāma’s drum at morn, deep as it heralded the preparation for the battle."
अह बहुविह-संठावण -पच्चाणिज्जंत-जीविआसा-बंधं । तीअ गअ-सोअ-विसअं दूरुण्णामिअ-पओहरं णीससिअं ॥,"Thereupon, with a heaving bosom she breathed freely, without any sorrow with the hope of life brought back by the manifold consolations (of Trijātā)."
तो आसासिअ-सुहिए तीए पुणरुत्त-सच्चविअ-वीसत्थे । विहडिअ-वेहव्व-भए पुणो वि संघडइ विरह-दुक्खं हिअए ॥,"The pangs of separation then re-entered her heart, consoled and relieved, and doubly reassured, with the fear of widowhood gone."
माआ-मोहम्मि गए सुए अ पवआण समर-संणाह-रवे । जणअ-तणआइ दिट्ठं तिअडा-णेहाणुराअ-भणिअस्स फलं ॥,"When the delusion created by magic vanished, and the sound of the apes preparing for the battle was heard, Sītā realized the meaning of Trijātā’s words, prompted by affection and loyalty to her."
तह तं सि गआ मोहं मुच्छा-गअ-पडिअ-णीसह-विसण्णंगी । रक्खस-माएत्ति फुडं जाणंती जह इमं अहं पि विसण्णा ॥,"Fainting and sinking to the ground, languid and drooping, thou art under such a delusion that even knowing it clearly to be a deception of the demons, I am likewise stricken with grief."
"जस्सेते लोगंसि कम्मसमारंभा परिण्णाया भवंति, से हु मुणी परिण्णायकम्मे ।त्ति बेमि ।॥ सत्थपरिण्णाए पढमो उद्देसओ समत्तो ॥","He who, in the world, comprehends and renounces these causes of sin, is called a reward-knowing sage (muni). Thus I say."
"तत्थ खलु भगवया परिण्णा पवेइया । इमस्स चेव जीवियस्स परिवंदण माणण पूयणाए, जाई मरण मोयणाए, दुक्खपडिघाय हेउं । एयावंति सव्वावंति लोगंसि कम्मसमारंभा परिजाणियव्वा भवंति ।","About this the Revered One has taught the truth (comprehension and renunciation). For the sake of the splendour, honour, and glory of this life, for the sake of birth, death, and final liberation, for the removal of pain, all these causes of sin are at work, which are to be comprehended and renounced in this world."
"सुय मे आउसं ! तेणं भगवया एवमक्खायं - इहमेगेसिं णो सण्णा भवइ ।","O long-lived (Jambuswami)! I (Sudharman) have heard the following discourse from the venerable (Mahavira)."
"अकरिस्सं च हं, कारवेसुं च हं, करओ यावि समणुण्णे भविस्सामि । एयावंति सव्वावंति लोगंसि कम्मसमारंभा परिजाणियव्वा भवंति ।","He believes in soul, believes in the world, believes in reward, believes in action (acknowledged to be our own doing in such judgments as these): 'I did it;' 'I shall cause another to do it;' 'I shall allow another to do it.' In the world, these are all the causes of sin, which must be comprehended and renounced."
"से जं पुण जाणेज्जा सहसम्मइयाए परवागरणेणं अण्णेसिं वा अतिए सोच्चा, तं जहा - पुरत्थिमाओ वा दिसाओ आगओ अहमंसि जाव अण्णयरीओ दिसाओ वा अणुदिसाओ वा आगओ अहमंसि । एवमेगेसिं जं णायं भवइ ।अत्थि मे आया उववाइए, जो इमाओ दिसाओ वा अणुदिसाओ वा अणुसंचरइ, सव्वाओ दिसाओ सव्वाओ अणुदिसाओ जो आगओ अणुसंचरइ, सोऽहं । से आयावाई लोयावाई कम्मावाई किरियावाई ।","Now this is what one should know, either by one's own knowledge or through the instruction of the highest (i.e. a Tîrthakara), or having heard it from others: that he descended in an eastern direction, or in any other direction (particularised above). Similarly, some know that their soul is born again and again, that it arrives in this or that direction, whatever direction that may be."
"अपरिण्णायकम्मे खलु अयं पुरिसे, जो इमाओ दिसाओ वा अणुदिसाओ वा अणुसंचरइ, सव्वाओ दिसाओ सव्वाओ अणुदिसाओ साहेइ, अणेगरूवाओ जोणीओ संधेइ, विरूवरूवे फासे पडिसंवेदेइ ।","A man that does not comprehend and renounce the causes of sin, descends in a cardinal or intermediate direction, wanders to all cardinal or intermediate directions, is born again and again in manifold births, experiences all painful feelings."
"तं जहा --- पुरत्थिमाओ वा दिसाओ आगओ अहमंसि,  दाहिणाओ वा दिसाओ आगओ अहमंसि, पच्चत्थिमाओ वा दिसाओ आगओ अहमंसि, उत्तराओ वा दिसाओ आगओ अहमंसि, उड्ढाओ वा दिसाओ आगओ अहमंसि, अहे दिसाओ वा आगओ अहमंसि, अण्णयरीओ दिसाओ वा अणुदिसाओ वा आगओ अहमंसि ।एवमेगेसिं णो णायं भवइ । अस्थि मे आया उववाइए, णत्थि मे आया उववाइए, के अहं आसी, के वा इओ चुओ इह पेच्चा भविस्सामि ।","Here many do not remember whether they have descended in an eastern direction (when they were born in this world), or in a southern, or in a western, or in a northern direction, or in the direction from above, or in the direction from below, or in a direction intermediate (between the cardinal points), or in a direction intermediate between these (and the cardinal points). Similarly, some do not know whether their soul is born again and again or not; nor what they were formerly, nor what they will become after having died and left this world."
"से बेमि — णेव सयं लोगं अब्भाइक्खेज्जा, णेव अत्ताणं अब्भाइक्खेज्जा । जे लोगं अब्भाइक्खइ, से अत्ताणं अब्भाइक्खइ । जे अत्ताणं अब्भाइक्खइ, से लोगं अब्भाइक्खइ । जे दीहलोगसत्थस्स खेयण्णे, से असत्थस्स खेयण्णे । जे असत्थस्स खेयण्णे, से दीहलोगसत्थस्स खेयण्णे ।","That liberation-seeking soul never prohibits the existence of any fire body. It does not deny even its own soul, because one who deny fire, it deny itself. He who deny himself, denies the world of fire bodies."
"बुज्झिज्ज तिउट्टेज्जा, बंधणं परिजाणिया । किमाह बंधणं वीरो ? किं वा जाणं तिउट्टइ ॥","Having understood the bondage, one should acquire the knowledge and break it. What did Mahavira considered as bondage? And what is to be known to break (the bondage)?"
"जस्सिं कुल समुप्पण्णे, जेहिं वा संवसे णरे ।ममाइ लुप्पइ बाले, अण्णमण्णेहिं मुच्छिए ॥","A foolish person who is born in a family and where he lives gets afflicted with attachment by many others and among others."
"सयं तिवायए पाणे, अदुवा अण्णेहिं घायए ।हणंतं वाSणुजाणाइ, वेरं वड्ढेइ अप्पणो ॥","One who himself/herself kills the animals or causes others to harm them or approves of the killers (slaughterers) increases his/her own enmity."
"चित्तमंतमचित्तं वा, परिगिज्झ किसामिव ।अण्णं वा अणुजाणाइ, एवं दुक्खा ण मुच्चइ ॥","One who possesses living or non-living things, or even frivolous things like chaff or one who approve of others who do it, in this way, does not become free from sorrows."
"वित्तं सोयरिया चेव, सव्वमेयं ण ताणए ।संखाए जीवियं चेव, कम्मुणा उ तिउट्टइ ॥","Like money and siblings, all this does not protect. Doubting similarly about life, one must become free from the karma."
"जोण्हाऊरिअकोसकंतिधवले सव्वंगगंधुक्कडे णिव्विग्घं घरदीहिआए सुरसं वेवंतओ मासलं । आसाएइ सुमंजुगुंजिअरवो तिंगिच्छिपाणासवं उम्मिल्लंतदलावलीपरिअओ चंदुज्जुए छप्पओ ॥,"The moonlight fills the calyx of a night-lotus in our backyard pond: it’s a lovely white, and its fragrance is totally rich. Bumbling around in it is a bee, making a lovely buzzing sound, who tastes, without anything standing in his way, the delicious and potent liquor of its nectar, surrounded by its petals just as they are opening up in the lunar glow."
पुप्फलाइ णवकणइविआणविउञ्जए गुञ्जिरालिउलवलअमणोहररावए । कासि तंसि तिअसवहुविलासविणोअअं काणणम्मि परिभमसि असङ्किरि णिब्भअं ॥,"Flower-picker, you are wandering in this grove, with bowers and canopies formed by young vines and the charming noise of swarms of buzzing bees, without fear or hesitation, with the grace of a celestial girl at play. Who are you?"
पेच्छेअं सुहमारुएण पहअं दुल्लक्खताराअणं आमोअं ण जणेइ कामिणिअणे बालाअवालिद्धअं । दूरच्छिण्णदिसं सहावधवलं ओलग्गचन्दाअवं आलिक्खालिहिअं व छाअरहिअं जाअं णहोमण्डलं ॥,"Look at the sky right now with its innumerable stars, a pleasant breeze building up: the delight of those in love— isn’t it? To it clings the young glow of the day, the horizon opens up in the distance, and the moonlight dims, returning it to its natural white. Finally it has no more darkness than a sketched figure has a shadow."
विमुक्ककरबन्धणं गअणपाअवाहिं तओ सरेसु रहवाहिणीविरहकाअरालोइअं । पडेइ लवणोअहे घुसिणबिन्दुमाअम्बअं फलं व परिपक्कअं घणतमारिणो बिम्बअं ॥,"Apprehensive about their coming separation, the cakravāka birds in the ponds glared at the disc of the sun, the enemy of impenetrable darkness, red as a saffron dot, which, now shorn of its supporting rays, is falling from the sky into the salty sea like a ripe fruit falling from a tree."
